2014-12-04T21:17:06.641016711Z cache,rss,rss_huge,mapped_file,writeback,swap,pgpgin,pgpgout,pgfault,pgmajfault,inactive_anon,active_anon,inactive_file,active_file,unevictable,hierarchical_memory_limit,hierarchical_memsw_limit,total_cache,total_rss,total_rss_huge,total_mapped_file,total_writeback,total_swap,total_pgpgin,total_pgpgout,total_pgfault,total_pgmajfault,total_inactive_anon,total_active_anon,total_inactive_file,total_active_file,total_unevictable
2014-12-04T21:17:06.644326315Z 20709376,13627392,8388608,15015936,0,0,6773,434,2576,97,16384,13651968,17502208,3133440,0,18446744073709551615,18446744073709551615,20709376,13627392,8388608,15011840,0,0,6773,434,2576,97,16384,13651968,17502208,3133440,0
[2014-12-04T21:17:07.648369683Z] 34467840,97681408,85983232,20021248,0,0,12161,849,4876,153,16384,97697792,28008448,6332416,0,18446744073709551615,18446744073709551615,34467840,97681408,85983232,20021248,0,0,12161,849,4876,153,16384,97697792,28008448,6332416,0
[2014-12-04T21:17:08.653223773Z] 34840576,102858752,90177536,20033536,0,0,12504,859,5128,153,16384,102866944,28004352,6787072,0,18446744073709551615,18446744073709551615,34840576,102858752,90177536,20033536,0,0,12504,859,5128,153,16384,102866944,28004352,6787072,0
[2014-12-04T21:17:09.662547746Z] 34840576,102858752,90177536,21078016,0,0,12504,859,5128,153,16384,102891520,24735744,10055680,0,18446744073709551615,18446744073709551615,34840576,102858752,90177536,21078016,0,0,12504,859,5128,153,16384,102891520,24735744,10055680,0
[2014-12-04T21:17:10.667979619Z] 35299328,109662208,96468992,21196800,0,0,12768,883,5281,153,16384,109694976,24530944,10719232,0,18446744073709551615,18446744073709551615,35299328,109662208,96468992,21196800,0,0,12768,883,5281,153,16384,109694976,24530944,10719232,0
[2014-12-04T21:17:11.673242922Z] 35299328,111644672,98566144,21241856,0,0,12773,915,5292,153,16384,111677440,24530944,10719232,0,18446744073709551615,18446744073709551615,35299328,111644672,98566144,21241856,0,0,12773,915,5292,153,16384,111677440,24530944,10719232,0
[2014-12-04T21:17:12.678393488Z] 35299328,113770496,100663296,21270528,0,0,12781,915,5308,153,16384,113803264,24522752,10727424,0,18446744073709551615,18446744073709551615,35299328,113770496,100663296,21270528,0,0,12781,915,5308,153,16384,113803264,24522752,10727424,0
[2014-12-04T21:17:13.683294088Z] 35299328,115978240,102760448,21270528,0,0,12809,915,5344,153,16384,116011008,24518656,10731520,0,18446744073709551615,18446744073709551615,35299328,115978240,102760448,21270528,0,0,12809,915,5344,153,16384,116011008,24518656,10731520,0
[2014-12-04T21:17:14.686668539Z] 35299328,118280192,104857600,21307392,0,0,12860,915,5403,153,16384,118304768,24518656,10731520,0,18446744073709551615,18446744073709551615,35299328,118280192,104857600,21307392,0,0,12860,915,5403,153,16384,118304768,24518656,10731520,0
[2014-12-04T21:17:15.690694343Z] 35299328,118280192,104857600,21307392,0,0,12860,915,5403,153,16384,118312960,24514560,10735616,0,18446744073709551615,18446744073709551615,35299328,118280192,104857600,21307392,0,0,12860,915,5403,153,16384,118312960,24514560,10735616,0
[2014-12-04T21:17:16.697475336Z] 35299328,118280192,104857600,21307392,0,0,12860,915,5403,153,16384,118312960,24514560,10735616,0,18446744073709551615,18446744073709551615,35299328,118280192,104857600,21307392,0,0,12860,915,5403,153,16384,118312960,24514560,10735616,0
[2014-12-04T21:17:17.705407903Z] 35299328,118280192,104857600,21311488,0,0,12860,915,5403,153,16384,118312960,24514560,10735616,0,18446744073709551615,18446744073709551615,35299328,118280192,104857600,21311488,0,0,12860,915,5403,153,16384,118312960,24514560,10735616,0
[2014-12-04T21:17:18.716384883Z] 35299328,118280192,104857600,21307392,0,0,12860,915,5403,153,16384,118312960,24514560,10735616,0,18446744073709551615,18446744073709551615,35299328,118280192,104857600,21307392,0,0,12860,915,5403,153,16384,118312960,24514560,10735616,0
[2014-12-04T21:17:19.720932822Z] 35299328,118280192,104857600,21307392,0,0,12860,915,5403,153,16384,118312960,24514560,10735616,0,18446744073709551615,18446744073709551615,35299328,118280192,104857600,21307392,0,0,12860,915,5403,153,16384,118312960,24514560,10735616,0
[2014-12-04T21:17:20.727816718Z] 35299328,118280192,104857600,21307392,0,0,12860,915,5403,153,16384,118312960,24514560,10735616,0,18446744073709551615,18446744073709551615,35299328,118280192,104857600,21307392,0,0,12860,915,5403,153,16384,118312960,24514560,10735616,0
[2014-12-04T21:17:21.732452967Z] 35299328,118280192,104857600,21307392,0,0,12860,915,5403,153,16384,118312960,24514560,10735616,0,18446744073709551615,18446744073709551615,35299328,118280192,104857600,21307392,0,0,12860,915,5403,153,16384,118312960,24514560,10735616,0
[2014-12-04T21:17:22.737710280Z] 35299328,118280192,104857600,21307392,0,0,12860,915,5403,153,16384,118312960,24514560,10735616,0,18446744073709551615,18446744073709551615,35299328,118280192,104857600,21307392,0,0,12860,915,5403,153,16384,118312960,24514560,10735616,0
[2014-12-04T21:17:23.750142438Z] 35299328,118280192,104857600,21307392,0,0,12860,915,5403,153,16384,118312960,24514560,10735616,0,18446744073709551615,18446744073709551615,35299328,118280192,104857600,21307392,0,0,12860,915,5403,153,16384,118312960,24514560,10735616,0
[2014-12-04T21:17:24.753477337Z] 35299328,118280192,104857600,21311488,0,0,12860,915,5403,153,16384,118312960,24514560,10735616,0,18446744073709551615,18446744073709551615,35299328,118280192,104857600,21311488,0,0,12860,915,5403,153,16384,118312960,24514560,10735616,0
[2014-12-04T21:17:25.956548579Z] 35299328,118280192,104857600,21311488,0,0,12860,915,5403,153,16384,118312960,24514560,10735616,0,18446744073709551615,18446744073709551615,35299328,118280192,104857600,21311488,0,0,12860,915,5403,153,16384,118312960,24514560,10735616,0
[2014-12-04T21:17:27.139799814Z] 35356672,129400832,113246208,21307392,0,0,13793,1163,6372,153,16384,129433600,24518656,10788864,0,18446744073709551615,18446744073709551615,35356672,129400832,113246208,21307392,0,0,13793,1163,6372,153,16384,129433600,24518656,10788864,0
[2014-12-04T21:17:28.909407603Z] 35356672,128135168,113246208,21307392,0,0,13794,1473,6403,153,16384,128167936,24518656,10788864,0,18446744073709551615,18446744073709551615,35356672,128135168,113246208,21307392,0,0,13794,1473,6403,153,16384,128167936,24518656,10788864,0
[2014-12-04T21:17:28.909407603Z] 35356672,128135168,113246208,21307392,0,0,13794,1473,6403,153,16384,128167936,24518656,10788864,0,18446744073709551615,18446744073709551615,35356672,128135168,113246208,21307392,0,0,13794,1473,6403,153,16384,128167936,24518656,10788864,0
[2014-12-04T21:17:30.191431269Z] 35356672,128139264,113246208,21307392,0,0,13795,1473,6413,153,16384,128172032,24518656,10788864,0,18446744073709551615,18446744073709551615,35356672,128139264,113246208,21307392,0,0,13795,1473,6413,153,16384,128172032,24518656,10788864,0
[2014-12-04T21:17:30.858662694Z] 35356672,130957312,113246208,21307392,0,0,15515,2505,8147,153,16384,130990080,24518656,10788864,0,18446744073709551615,18446744073709551615,35356672,130957312,113246208,21307392,0,0,15515,2505,8147,153,16384,130990080,24518656,10788864,0
[2014-12-04T21:17:31.792946119Z] 35356672,130957312,113246208,21307392,0,0,15515,2505,8148,153,16384,130990080,24518656,10788864,0,18446744073709551615,18446744073709551615,35356672,130957312,113246208,21307392,0,0,15515,2505,8148,153,16384,130990080,24518656,10788864,0
[2014-12-04T21:17:32.815549087Z] 35356672,130039808,113246208,21307392,0,0,15516,2730,8149,153,16384,130072576,24518656,10788864,0,18446744073709551615,18446744073709551615,35356672,130039808,113246208,21307392,0,0,15516,2730,8149,153,16384,130072576,24518656,10788864,0
[2014-12-04T21:17:34.320167699Z] 35356672,130039808,113246208,21323776,0,0,15516,2730,8149,153,16384,130072576,24518656,10788864,0,18446744073709551615,18446744073709551615,35356672,130039808,113246208,21323776,0,0,15516,2730,8149,153,16384,130072576,24518656,10788864,0
[2014-12-04T21:17:35.120040927Z] 35356672,140693504,117440512,21307392,0,0,19666,5301,12300,153,16384,140726272,24518656,10788864,0,18446744073709551615,18446744073709551615,35356672,140693504,117440512,21307392,0,0,19666,5301,12300,153,16384,140726272,24518656,10788864,0
[2014-12-04T21:17:35.867291255Z] 35356672,151269376,127926272,21307392,0,0,19696,5304,12335,153,16384,142905344,24518656,10788864,0,18446744073709551615,18446744073709551615,35356672,151269376,127926272,21307392,0,0,19696,5304,12335,153,16384,142905344,24518656,10788864,0
[2014-12-04T21:17:36.896428427Z] 35356672,151269376,127926272,21307392,0,0,19696,5304,12352,153,16384,151302144,24518656,10788864,0,18446744073709551615,18446744073709551615,35356672,151269376,127926272,21307392,0,0,19696,5304,12352,153,16384,151302144,24518656,10788864,0
[2014-12-04T21:17:37.819507621Z] 35356672,150134784,127926272,21323776,0,0,19700,5585,12356,153,16384,150167552,24518656,10788864,0,18446744073709551615,18446744073709551615,35356672,150134784,127926272,21323776,0,0,19700,5585,12356,153,16384,150167552,24518656,10788864,0
[2014-12-04T21:17:38.899230801Z] 35356672,158437376,127926272,21307392,0,0,24216,8074,16873,153,16384,158470144,24518656,10788864,0,18446744073709551615,18446744073709551615,35356672,158437376,127926272,21307392,0,0,24216,8074,16873,153,16384,158470144,24518656,10788864,0
[2014-12-04T21:17:39.996673989Z] 35356672,158437376,127926272,21307392,0,0,24216,8074,16878,153,16384,158470144,24518656,10788864,0,18446744073709551615,18446744073709551615,35356672,158437376,127926272,21307392,0,0,24216,8074,16878,153,16384,158470144,24518656,10788864,0
[2014-12-04T21:17:40.833455773Z] 35356672,158437376,127926272,21307392,0,0,24216,8074,16879,153,16384,158470144,24518656,10788864,0,18446744073709551615,18446744073709551615,35356672,158437376,127926272,21307392,0,0,24216,8074,16879,153,16384,158470144,24518656,10788864,0
[2014-12-04T21:17:42.049787046Z] 35356672,158437376,127926272,21307392,0,0,24216,8074,16879,153,16384,158470144,24518656,10788864,0,18446744073709551615,18446744073709551615,35356672,158437376,127926272,21307392,0,0,24216,8074,16879,153,16384,158470144,24518656,10788864,0
[2014-12-04T21:17:43.124330576Z] 35356672,156438528,127926272,21307392,0,0,24216,8562,16879,153,16384,156471296,24518656,10788864,0,18446744073709551615,18446744073709551615,35356672,156438528,127926272,21307392,0,0,24216,8562,16879,153,16384,156471296,24518656,10788864,0
[2014-12-04T21:17:43.983299787Z] 35356672,156438528,127926272,21307392,0,0,24216,8562,16879,153,16384,156471296,24518656,10788864,0,18446744073709551615,18446744073709551615,35356672,156438528,127926272,21307392,0,0,24216,8562,16879,153,16384,156471296,24518656,10788864,0
[2014-12-04T21:17:44.938970594Z] 35356672,156438528,127926272,21307392,0,0,24216,8562,16879,153,16384,156471296,24518656,10788864,0,18446744073709551615,18446744073709551615,35356672,156438528,127926272,21307392,0,0,24216,8562,16879,153,16384,156471296,24518656,10788864,0
[2014-12-04T21:17:46.403248602Z] 35356672,156438528,127926272,21307392,0,0,24216,8562,16879,153,16384,156471296,24518656,10788864,0,18446744073709551615,18446744073709551615,35356672,156438528,127926272,21307392,0,0,24216,8562,16879,153,16384,156471296,24518656,10788864,0
[2014-12-04T21:17:46.874619427Z] 35356672,156438528,127926272,21323776,0,0,24216,8562,16879,153,16384,156471296,24518656,10788864,0,18446744073709551615,18446744073709551615,35356672,156438528,127926272,21323776,0,0,24216,8562,16879,153,16384,156471296,24518656,10788864,0
[2014-12-04T21:17:47.870701473Z] 35356672,156450816,127926272,21315584,0,0,24219,8562,16884,153,16384,156483584,24518656,10788864,0,18446744073709551615,18446744073709551615,35356672,156450816,127926272,21315584,0,0,24219,8562,16884,153,16384,156483584,24518656,10788864,0
[2014-12-04T21:17:49.397386657Z] 35356672,156450816,127926272,21311488,0,0,24219,8562,16884,153,16384,156483584,24518656,10788864,0,18446744073709551615,18446744073709551615,35356672,156450816,127926272,21311488,0,0,24219,8562,16884,153,16384,156483584,24518656,10788864,0
[2014-12-04T21:17:49.913031514Z] 35356672,156450816,127926272,21311488,0,0,24219,8562,16886,153,16384,156483584,24518656,10788864,0,18446744073709551615,18446744073709551615,35356672,156450816,127926272,21311488,0,0,24219,8562,16886,153,16384,156483584,24518656,10788864,0
[2014-12-04T21:17:51.073551684Z] 35356672,156450816,127926272,21311488,0,0,24219,8562,16886,153,16384,156483584,24518656,10788864,0,18446744073709551615,18446744073709551615,35356672,156450816,127926272,21311488,0,0,24219,8562,16886,153,16384,156483584,24518656,10788864,0
[2014-12-04T21:17:52.163757734Z] 35356672,156450816,127926272,21311488,0,0,24219,8562,16886,153,16384,156483584,24518656,10788864,0,18446744073709551615,18446744073709551615,35356672,156450816,127926272,21311488,0,0,24219,8562,16886,153,16384,156483584,24518656,10788864,0
[2014-12-04T21:17:52.908952729Z] 35356672,156450816,127926272,21311488,0,0,24219,8562,16886,153,16384,156483584,24518656,10788864,0,18446744073709551615,18446744073709551615,35356672,156450816,127926272,21311488,0,0,24219,8562,16886,153,16384,156483584,24518656,10788864,0
[2014-12-04T21:17:53.906904652Z] 35356672,156450816,127926272,21311488,0,0,24219,8562,16886,153,16384,156483584,24518656,10788864,0,18446744073709551615,18446744073709551615,35356672,156450816,127926272,21311488,0,0,24219,8562,16886,153,16384,156483584,24518656,10788864,0
[2014-12-04T21:17:55.551924083Z] 35356672,156450816,127926272,21311488,0,0,24219,8562,16886,153,16384,156483584,24518656,10788864,0,18446744073709551615,18446744073709551615,35356672,156450816,127926272,21311488,0,0,24219,8562,16886,153,16384,156483584,24518656,10788864,0
[2014-12-04T21:17:56.029508459Z] 35356672,156450816,127926272,21311488,0,0,24219,8562,16886,153,16384,156483584,24518656,10788864,0,18446744073709551615,18446744073709551615,35356672,156450816,127926272,21311488,0,0,24219,8562,16886,153,16384,156483584,24518656,10788864,0
[2014-12-04T21:17:56.966318991Z] 35356672,156450816,127926272,21311488,0,0,24219,8562,16886,153,16384,156483584,24518656,10788864,0,18446744073709551615,18446744073709551615,35356672,156450816,127926272,21311488,0,0,24219,8562,16886,153,16384,156483584,24518656,10788864,0
[2014-12-04T21:17:58.403384692Z] 35356672,156450816,127926272,21311488,0,0,24219,8562,16886,153,16384,156483584,24518656,10788864,0,18446744073709551615,18446744073709551615,35356672,156450816,127926272,21311488,0,0,24219,8562,16886,153,16384,156483584,24518656,10788864,0
[2014-12-04T21:17:59.021252439Z] 35356672,156450816,127926272,21311488,0,0,24219,8562,16886,153,16384,156483584,24518656,10788864,0,18446744073709551615,18446744073709551615,35356672,156450816,127926272,21311488,0,0,24219,8562,16886,153,16384,156483584,24518656,10788864,0
[2014-12-04T21:18:00.117315128Z] 35438592,156979200,127926272,21323776,0,0,24388,8582,17036,153,16384,157011968,24231936,11157504,0,18446744073709551615,18446744073709551615,35438592,156979200,127926272,21315584,0,0,24388,8582,17036,153,16384,157011968,24231936,11157504,0
[2014-12-04T21:18:00.944709168Z] 35438592,156979200,127926272,21438464,0,0,24388,8582,17036,153,16384,157011968,24125440,11264000,0,18446744073709551615,18446744073709551615,35438592,156979200,127926272,21438464,0,0,24388,8582,17036,153,16384,157011968,24125440,11264000,0
[2014-12-04T21:18:01.963486851Z] 35438592,157667328,127926272,21442560,0,0,24556,8582,17204,153,16384,157700096,23027712,12361728,0,18446744073709551615,18446744073709551615,35438592,157667328,127926272,21442560,0,0,24556,8582,17204,153,16384,157700096,23027712,12361728,0
[2014-12-04T21:18:02.973430795Z] 35438592,158388224,127926272,21512192,0,0,24732,8582,17380,153,16384,158388224,23027712,12361728,0,18446744073709551615,18446744073709551615,35438592,158388224,127926272,21512192,0,0,24732,8582,17380,153,16384,158388224,23027712,12361728,0
[2014-12-04T21:18:03.976579948Z] 35438592,158924800,127926272,21512192,0,0,24863,8582,17511,153,16384,158957568,22921216,12468224,0,18446744073709551615,18446744073709551615,35438592,158924800,127926272,21512192,0,0,24863,8582,17511,153,16384,158957568,22921216,12468224,0
[2014-12-04T21:18:04.981937664Z] 35438592,161292288,130023424,21512192,0,0,24935,8587,17585,153,16384,161325056,21495808,13893632,0,18446744073709551615,18446744073709551615,35438592,161292288,130023424,21512192,0,0,24935,8587,17585,153,16384,161325056,21495808,13893632,0
[2014-12-04T21:18:06.193444559Z] 35438592,161435648,130023424,21512192,0,0,24986,8603,17638,153,16384,161468416,21454848,13934592,0,18446744073709551615,18446744073709551615,35438592,161435648,130023424,21512192,0,0,24986,8603,17638,153,16384,161468416,21454848,13934592,0
[2014-12-04T21:18:06.989487785Z] 35438592,161505280,130023424,21512192,0,0,25019,8619,17673,153,16384,161538048,21454848,13934592,0,18446744073709551615,18446744073709551615,35438592,161505280,130023424,21512192,0,0,25019,8619,17673,153,16384,161538048,21454848,13934592,0
[2014-12-04T21:18:07.995431318Z] 35438592,161505280,130023424,21512192,0,0,25019,8619,17673,153,16384,161538048,21454848,13934592,0,18446744073709551615,18446744073709551615,35438592,161505280,130023424,21512192,0,0,25019,8619,17673,153,16384,161538048,21454848,13934592,0
[2014-12-04T21:18:08.999982562Z] 35438592,161570816,130023424,21528576,0,0,25051,8635,17706,153,16384,161603584,21454848,13934592,0,18446744073709551615,18446744073709551615,35438592,161570816,130023424,21528576,0,0,25051,8635,17706,153,16384,161603584,21454848,13934592,0
[2014-12-04T21:18:10.008179114Z] 35438592,161611776,130023424,21512192,0,0,25061,8635,17719,153,16384,161644544,21454848,13934592,0,18446744073709551615,18446744073709551615,35438592,161611776,130023424,21512192,0,0,25061,8635,17719,153,16384,161644544,21454848,13934592,0
[2014-12-04T21:18:11.093738807Z] 35438592,161796096,130023424,21512192,0,0,25122,8651,17785,153,16384,161828864,21454848,13934592,0,18446744073709551615,18446744073709551615,35438592,161796096,130023424,21512192,0,0,25122,8651,17785,153,16384,161828864,21454848,13934592,0
[2014-12-04T21:18:12.018114045Z] 35438592,161857536,130023424,21528576,0,0,25137,8651,17800,153,16384,161890304,21454848,13934592,0,18446744073709551615,18446744073709551615,35438592,161857536,130023424,21524480,0,0,25137,8651,17800,153,16384,161890304,21454848,13934592,0
[2014-12-04T21:18:13.073356370Z] 35438592,162045952,130023424,21495808,0,0,25199,8667,17863,153,16384,162078720,21454848,13934592,0,18446744073709551615,18446744073709551615,35438592,162045952,130023424,21495808,0,0,25199,8667,17863,153,16384,162078720,21454848,13934592,0
[2014-12-04T21:18:14.030071437Z] 35438592,162172928,130023424,21512192,0,0,25230,8667,17895,153,16384,162205696,21454848,13934592,0,18446744073709551615,18446744073709551615,35438592,162172928,130023424,21512192,0,0,25230,8667,17895,153,16384,162205696,21454848,13934592,0
[2014-12-04T21:18:15.033061109Z] 35438592,162234368,130023424,21512192,0,0,25245,8667,17910,153,16384,162267136,21454848,13934592,0,18446744073709551615,18446744073709551615,35438592,162234368,130023424,21512192,0,0,25245,8667,17910,153,16384,162267136,21454848,13934592,0
[2014-12-04T21:18:16.243406213Z] 35438592,162291712,130023424,21512192,0,0,25275,8683,17941,153,16384,162324480,21454848,13934592,0,18446744073709551615,18446744073709551615,35438592,162291712,130023424,21512192,0,0,25275,8683,17941,153,16384,162324480,21454848,13934592,0
[2014-12-04T21:18:17.042087797Z] 35438592,162291712,130023424,21520384,0,0,25275,8683,17943,153,16384,162324480,21454848,13934592,0,18446744073709551615,18446744073709551615,35438592,162291712,130023424,21520384,0,0,25275,8683,17943,153,16384,162324480,21454848,13934592,0
[2014-12-04T21:18:18.046693940Z] 35438592,162377728,130023424,21512192,0,0,25312,8699,17982,153,16384,162410496,21454848,13934592,0,18446744073709551615,18446744073709551615,35438592,162377728,130023424,21512192,0,0,25312,8699,17982,153,16384,162410496,21454848,13934592,0
[2014-12-04T21:18:19.050834219Z] 35438592,162377728,130023424,21512192,0,0,25312,8699,17982,153,16384,162410496,21454848,13934592,0,18446744073709551615,18446744073709551615,35438592,162377728,130023424,21512192,0,0,25312,8699,17982,153,16384,162410496,21454848,13934592,0
[2014-12-04T21:18:20.083212164Z] 35438592,162451456,130023424,21532672,0,0,25346,8715,18018,153,16384,162484224,21454848,13934592,0,18446744073709551615,18446744073709551615,35438592,162451456,130023424,21528576,0,0,25346,8715,18018,153,16384,162484224,21454848,13934592,0
[2014-12-04T21:18:21.059912082Z] 35438592,162451456,130023424,21512192,0,0,25346,8715,18018,153,16384,162484224,21454848,13934592,0,18446744073709551615,18446744073709551615,35438592,162451456,130023424,21512192,0,0,25346,8715,18018,153,16384,162484224,21454848,13934592,0
[2014-12-04T21:18:22.064497408Z] 35438592,162521088,130023424,21516288,0,0,25379,8731,18053,153,16384,162553856,21454848,13934592,0,18446744073709551615,18446744073709551615,35438592,162521088,130023424,21532672,0,0,25379,8731,18053,153,16384,162553856,21454848,13934592,0
[2014-12-04T21:18:23.070598905Z] 35438592,162521088,130023424,21516288,0,0,25379,8731,18053,153,16384,162553856,21454848,13934592,0,18446744073709551615,18446744073709551615,35438592,162521088,130023424,21516288,0,0,25379,8731,18053,153,16384,162553856,21454848,13934592,0
[2014-12-04T21:18:24.292730307Z] 35438592,162590720,130023424,21516288,0,0,25412,8747,18087,153,16384,162623488,21450752,13938688,0,18446744073709551615,18446744073709551615,35438592,162590720,130023424,21516288,0,0,25412,8747,18087,153,16384,162623488,21450752,13938688,0
[2014-12-04T21:18:25.078563002Z] 35438592,162635776,130023424,21516288,0,0,25423,8747,18099,153,16384,162668544,21450752,13938688,0,18446744073709551615,18446744073709551615,35438592,162635776,130023424,21516288,0,0,25423,8747,18099,153,16384,162668544,21450752,13938688,0
[2014-12-04T21:18:26.082694090Z] 35438592,162848768,130023424,21487616,0,0,25491,8763,18168,153,16384,162881536,21413888,13975552,0,18446744073709551615,18446744073709551615,35438592,162848768,130023424,21487616,0,0,25491,8763,18168,153,16384,162881536,21413888,13975552,0
[2014-12-04T21:18:27.086631851Z] 35438592,162914304,130023424,21520384,0,0,25523,8779,18202,153,16384,162947072,21409792,13979648,0,18446744073709551615,18446744073709551615,35438592,162914304,130023424,21520384,0,0,25523,8779,18202,153,16384,162947072,21409792,13979648,0
[2014-12-04T21:18:28.095844806Z] 35438592,162775040,130023424,21536768,0,0,25523,8813,18205,153,16384,162807808,21401600,13987840,0,18446744073709551615,18446744073709551615,35438592,162775040,130023424,21536768,0,0,25523,8813,18205,153,16384,162807808,21401600,13987840,0
[2014-12-04T21:18:29.101101714Z] 35438592,162951168,130023424,21520384,0,0,25582,8829,18265,153,16384,162983936,21401600,13987840,0,18446744073709551615,18446744073709551615,35438592,162951168,130023424,21520384,0,0,25582,8829,18265,153,16384,162983936,21401600,13987840,0
[2014-12-04T21:18:30.444359768Z] 35438592,163090432,130023424,21536768,0,0,25648,8861,18334,153,16384,163123200,21401600,13987840,0,18446744073709551615,18446744073709551615,35438592,163090432,130023424,21536768,0,0,25648,8861,18334,153,16384,163123200,21401600,13987840,0
[2014-12-04T21:18:31.120966483Z] 35438592,163098624,130023424,21536768,0,0,25650,8861,18337,153,16384,163131392,21397504,13991936,0,18446744073709551615,18446744073709551615,35438592,163098624,130023424,21536768,0,0,25650,8861,18337,153,16384,163131392,21397504,13991936,0
[2014-12-04T21:18:32.153562285Z] 35438592,158142464,130023424,21520384,0,0,25650,10071,18338,153,16384,158175232,21397504,13991936,0,18446744073709551615,18446744073709551615,35438592,158142464,130023424,21520384,0,0,25650,10071,18338,153,16384,158175232,21397504,13991936,0
[2014-12-04T21:18:33.168534134Z] 35438592,159686656,130023424,21520384,0,0,26059,10103,18749,153,16384,159719424,21397504,13991936,0,18446744073709551615,18446744073709551615,35438592,159686656,130023424,21520384,0,0,26059,10103,18749,153,16384,159719424,21397504,13991936,0
[2014-12-04T21:18:34.175732275Z] 35438592,159854592,130023424,21520384,0,0,26116,10119,18809,153,16384,159887360,21397504,13991936,0,18446744073709551615,18446744073709551615,35438592,159854592,130023424,21520384,0,0,26116,10119,18809,153,16384,159887360,21397504,13991936,0
[2014-12-04T21:18:35.194628371Z] 35438592,159854592,130023424,21520384,0,0,26116,10119,18810,153,16384,159887360,21397504,13991936,0,18446744073709551615,18446744073709551615,35438592,159854592,130023424,21520384,0,0,26116,10119,18810,153,16384,159887360,21397504,13991936,0
[2014-12-04T21:18:36.202920940Z] 35438592,159985664,130023424,21520384,0,0,26164,10135,18860,153,16384,160018432,21397504,13991936,0,18446744073709551615,18446744073709551615,35438592,159985664,130023424,21520384,0,0,26164,10135,18860,153,16384,160018432,21397504,13991936,0
[2014-12-04T21:18:37.217644607Z] 35438592,160124928,130023424,21520384,0,0,26230,10167,18928,153,16384,160157696,21397504,13991936,0,18446744073709551615,18446744073709551615,35438592,160124928,130023424,21520384,0,0,26230,10167,18928,153,16384,160157696,21397504,13991936,0
[2014-12-04T21:18:38.213960531Z] 35438592,166477824,136314880,21520384,0,0,26249,10168,18972,153,16384,166510592,21397504,13991936,0,18446744073709551615,18446744073709551615,35438592,166477824,136314880,21520384,0,0,26249,10168,18972,153,16384,166510592,21397504,13991936,0
[2014-12-04T21:18:39.220629657Z] 35438592,166494208,136314880,21520384,0,0,26269,10184,18996,153,16384,166526976,21397504,13991936,0,18446744073709551615,18446744073709551615,35438592,166494208,136314880,21520384,0,0,26269,10184,18996,153,16384,166526976,21397504,13991936,0
[2014-12-04T21:18:40.229630754Z] 35438592,166498304,136314880,21520384,0,0,26286,10200,19017,153,16384,166531072,21397504,13991936,0,18446744073709551615,18446744073709551615,35438592,166498304,136314880,21520384,0,0,26286,10200,19017,153,16384,166531072,21397504,13991936,0
[2014-12-04T21:18:41.433351845Z] 35438592,166498304,136314880,21520384,0,0,26302,10216,19036,153,16384,166531072,21397504,13991936,0,18446744073709551615,18446744073709551615,35438592,166498304,136314880,21520384,0,0,26302,10216,19036,153,16384,166531072,21397504,13991936,0
[2014-12-04T21:18:42.242033782Z] 35438592,166498304,136314880,21520384,0,0,26302,10216,19037,153,16384,166531072,21397504,13991936,0,18446744073709551615,18446744073709551615,35438592,166498304,136314880,21520384,0,0,26302,10216,19037,153,16384,166531072,21397504,13991936,0
[2014-12-04T21:18:43.265010627Z] 35438592,166367232,136314880,21520384,0,0,26302,10248,19037,153,16384,166400000,21397504,13991936,0,18446744073709551615,18446744073709551615,35438592,166367232,136314880,21520384,0,0,26302,10248,19037,153,16384,166400000,21397504,13991936,0
[2014-12-04T21:18:44.280369154Z] 35438592,166871040,140509184,21520384,0,0,26361,11206,19099,153,16384,166903808,21397504,13991936,0,18446744073709551615,18446744073709551615,35438592,166871040,140509184,21520384,0,0,26361,11206,19099,153,16384,166903808,21397504,13991936,0
[2014-12-04T21:18:45.313904572Z] 35438592,166871040,140509184,21520384,0,0,26361,11206,19102,153,16384,166903808,21397504,13991936,0,18446744073709551615,18446744073709551615,35438592,166871040,140509184,21520384,0,0,26361,11206,19102,153,16384,166903808,21397504,13991936,0
[2014-12-04T21:18:46.298708159Z] 35438592,166871040,140509184,21520384,0,0,26361,11206,19102,153,16384,166903808,21397504,13991936,0,18446744073709551615,18446744073709551615,35438592,166871040,140509184,21520384,0,0,26361,11206,19102,153,16384,166903808,21397504,13991936,0
[2014-12-04T21:18:47.313554030Z] 35438592,166871040,140509184,21520384,0,0,26361,11206,19102,153,16384,166903808,21397504,13991936,0,18446744073709551615,18446744073709551615,35438592,166871040,140509184,21520384,0,0,26361,11206,19102,153,16384,166903808,21397504,13991936,0
[2014-12-04T21:18:48.572786733Z] 35438592,166875136,140509184,21520384,0,0,26410,11254,19155,153,16384,166907904,21397504,13991936,0,18446744073709551615,18446744073709551615,35438592,166875136,140509184,21520384,0,0,26410,11254,19155,153,16384,166907904,21397504,13991936,0
[2014-12-04T21:18:49.338831871Z] 35438592,166875136,140509184,21520384,0,0,26410,11254,19158,153,16384,166907904,21397504,13991936,0,18446744073709551615,18446744073709551615,35438592,166875136,140509184,21520384,0,0,26410,11254,19158,153,16384,166907904,21397504,13991936,0
[2014-12-04T21:18:50.343843285Z] 35438592,166998016,140509184,21520384,0,0,28617,13431,21366,153,16384,167030784,21397504,13991936,0,18446744073709551615,18446744073709551615,35438592,166998016,140509184,21520384,0,0,28617,13431,21366,153,16384,167030784,21397504,13991936,0
[2014-12-04T21:18:51.350841278Z] 35438592,166998016,140509184,21536768,0,0,28617,13431,21367,153,16384,167030784,21397504,13991936,0,18446744073709551615,18446744073709551615,35438592,166998016,140509184,21536768,0,0,28617,13431,21367,153,16384,167030784,21397504,13991936,0
[2014-12-04T21:18:52.426569202Z] 35438592,166998016,140509184,21520384,0,0,28649,13463,21401,153,16384,167030784,21397504,13991936,0,18446744073709551615,18446744073709551615,35438592,166998016,140509184,21520384,0,0,28649,13463,21401,153,16384,167030784,21397504,13991936,0
[2014-12-04T21:18:53.364427270Z] 35438592,166998016,140509184,21520384,0,0,28665,13479,21421,153,16384,167030784,21397504,13991936,0,18446744073709551615,18446744073709551615,35438592,166998016,140509184,21520384,0,0,28665,13479,21421,153,16384,167030784,21397504,13991936,0
[2014-12-04T21:18:54.373275827Z] 35438592,168980480,150994944,21520384,0,0,28670,15555,21422,153,16384,169013248,21397504,13991936,0,18446744073709551615,18446744073709551615,35438592,168980480,150994944,21520384,0,0,28670,15555,21422,153,16384,169013248,21397504,13991936,0
[2014-12-04T21:18:55.386359407Z] 35438592,168980480,150994944,21520384,0,0,28670,15555,21422,153,16384,169013248,21397504,13991936,0,18446744073709551615,18446744073709551615,35438592,168980480,150994944,21520384,0,0,28670,15555,21422,153,16384,169013248,21397504,13991936,0
[2014-12-04T21:18:56.399850678Z] 35438592,168980480,150994944,21520384,0,0,28718,15603,21474,153,16384,169013248,21397504,13991936,0,18446744073709551615,18446744073709551615,35438592,168980480,150994944,21520384,0,0,28718,15603,21474,153,16384,169013248,21397504,13991936,0
[2014-12-04T21:18:57.422962719Z] 35438592,168980480,150994944,21520384,0,0,28718,15603,21476,153,16384,169013248,21397504,13991936,0,18446744073709551615,18446744073709551615,35438592,168980480,150994944,21520384,0,0,28718,15603,21476,153,16384,169013248,21397504,13991936,0
[2014-12-04T21:18:58.421213149Z] 35438592,168980480,150994944,21520384,0,0,28718,15603,21476,153,16384,169013248,21397504,13991936,0,18446744073709551615,18446744073709551615,35438592,168980480,150994944,21520384,0,0,28718,15603,21476,153,16384,169013248,21397504,13991936,0
[2014-12-04T21:18:59.434933952Z] 35438592,169025536,150994944,21520384,0,0,28729,15603,21487,153,16384,169058304,21397504,13991936,0,18446744073709551615,18446744073709551615,35438592,169025536,150994944,21520384,0,0,28729,15603,21487,153,16384,169058304,21397504,13991936,0
[2014-12-04T21:19:00.448854753Z] 35438592,169201664,150994944,21520384,0,0,28836,15667,21595,153,16384,169234432,21397504,13991936,0,18446744073709551615,18446744073709551615,35438592,169201664,150994944,21520384,0,0,28836,15667,21595,153,16384,169234432,21397504,13991936,0
[2014-12-04T21:19:01.797763548Z] 35438592,169201664,150994944,21520384,0,0,28836,15667,21598,153,16384,169234432,21397504,13991936,0,18446744073709551615,18446744073709551615,35438592,169201664,150994944,21520384,0,0,28836,15667,21598,153,16384,169234432,21397504,13991936,0
[2014-12-04T21:19:02.463935913Z] 35438592,169201664,150994944,21520384,0,0,28836,15667,21598,153,16384,169234432,21397504,13991936,0,18446744073709551615,18446744073709551615,35438592,169201664,150994944,21520384,0,0,28836,15667,21598,153,16384,169234432,21397504,13991936,0
[2014-12-04T21:19:03.476291198Z] 35438592,169398272,150994944,21520384,0,0,28900,15683,21662,153,16384,169431040,21397504,13991936,0,18446744073709551615,18446744073709551615,35438592,169398272,150994944,21520384,0,0,28900,15683,21662,153,16384,169431040,21397504,13991936,0
[2014-12-04T21:19:04.751640486Z] 35438592,169398272,150994944,21536768,0,0,28932,15715,21694,153,16384,169431040,21397504,13991936,0,18446744073709551615,18446744073709551615,35438592,169398272,150994944,21536768,0,0,28932,15715,21694,153,16384,169431040,21397504,13991936,0
[2014-12-04T21:19:05.690564519Z] 35438592,169406464,150994944,21520384,0,0,28950,15731,21716,153,16384,169439232,21397504,13991936,0,18446744073709551615,18446744073709551615,35438592,169406464,150994944,21520384,0,0,28950,15731,21716,153,16384,169439232,21397504,13991936,0
[2014-12-04T21:19:06.504790947Z] 35438592,169406464,150994944,21520384,0,0,28950,15731,21716,153,16384,169439232,21397504,13991936,0,18446744073709551615,18446744073709551615,35438592,169406464,150994944,21520384,0,0,28950,15731,21716,153,16384,169439232,21397504,13991936,0
[2014-12-04T21:19:07.521250972Z] 35438592,169603072,150994944,21520384,0,0,29014,15747,21780,153,16384,169635840,21397504,13991936,0,18446744073709551615,18446744073709551615,35438592,169603072,150994944,21520384,0,0,29014,15747,21780,153,16384,169635840,21397504,13991936,0
[2014-12-04T21:19:08.549169603Z] 35438592,169611264,150994944,21520384,0,0,29016,15747,21782,153,16384,169644032,21397504,13991936,0,18446744073709551615,18446744073709551615,35438592,169611264,150994944,21520384,0,0,29016,15747,21782,153,16384,169644032,21397504,13991936,0
[2014-12-04T21:19:09.559837704Z] 35438592,169615360,150994944,21520384,0,0,29081,15811,21850,153,16384,169648128,21397504,13991936,0,18446744073709551615,18446744073709551615,35438592,169615360,150994944,21520384,0,0,29081,15811,21850,153,16384,169648128,21397504,13991936,0
[2014-12-04T21:19:10.576325189Z] 35438592,169615360,150994944,21520384,0,0,29081,15811,21854,153,16384,169648128,21397504,13991936,0,18446744073709551615,18446744073709551615,35438592,169615360,150994944,21520384,0,0,29081,15811,21854,153,16384,169648128,21397504,13991936,0
[2014-12-04T21:19:11.586034724Z] 35438592,169615360,150994944,21520384,0,0,29081,15811,21857,153,16384,169648128,21397504,13991936,0,18446744073709551615,18446744073709551615,35438592,169615360,150994944,21520384,0,0,29081,15811,21857,153,16384,169648128,21397504,13991936,0
[2014-12-04T21:19:12.613541508Z] 35438592,169762816,150994944,21536768,0,0,29117,15811,21894,153,16384,169795584,21397504,13991936,0,18446744073709551615,18446744073709551615,35438592,169762816,150994944,21536768,0,0,29117,15811,21894,153,16384,169795584,21397504,13991936,0
[2014-12-04T21:19:13.949130432Z] 35438592,169885696,150994944,21520384,0,0,29163,15827,21940,153,16384,169918464,21397504,13991936,0,18446744073709551615,18446744073709551615,35438592,169885696,150994944,21520384,0,0,29163,15827,21940,153,16384,169918464,21397504,13991936,0
[2014-12-04T21:19:14.664587724Z] 35438592,169959424,150994944,21520384,0,0,29197,15843,21975,153,16384,169992192,21397504,13991936,0,18446744073709551615,18446744073709551615,35438592,169959424,150994944,21520384,0,0,29197,15843,21975,153,16384,169992192,21397504,13991936,0
[2014-12-04T21:19:15.669233397Z] 35438592,169959424,150994944,21520384,0,0,29229,15875,22008,153,16384,169992192,21397504,13991936,0,18446744073709551615,18446744073709551615,35438592,169959424,150994944,21520384,0,0,29229,15875,22008,153,16384,169992192,21397504,13991936,0
[2014-12-04T21:19:16.903175612Z] 35438592,169959424,150994944,21520384,0,0,29229,15875,22011,153,16384,169992192,21397504,13991936,0,18446744073709551615,18446744073709551615,35438592,169959424,150994944,21520384,0,0,29229,15875,22011,153,16384,169992192,21397504,13991936,0
[2014-12-04T21:19:17.805082269Z] 35438592,169959424,150994944,21520384,0,0,29245,15891,22028,153,16384,169992192,21397504,13991936,0,18446744073709551615,18446744073709551615,35438592,169959424,150994944,21520384,0,0,29245,15891,22028,153,16384,169992192,21397504,13991936,0
[2014-12-04T21:19:18.720727005Z] 35438592,169959424,150994944,21520384,0,0,29261,15907,22045,153,16384,169992192,21397504,13991936,0,18446744073709551615,18446744073709551615,35438592,169959424,150994944,21520384,0,0,29261,15907,22045,153,16384,169992192,21397504,13991936,0
[2014-12-04T21:19:19.727685467Z] 35438592,170225664,150994944,21520384,0,0,29326,15907,22133,153,16384,170258432,21397504,13991936,0,18446744073709551615,18446744073709551615,35438592,170225664,150994944,21520384,0,0,29326,15907,22133,153,16384,170258432,21397504,13991936,0
[2014-12-04T21:19:20.750232495Z] 35438592,170229760,150994944,21520384,0,0,29343,15923,22150,153,16384,170262528,21397504,13991936,0,18446744073709551615,18446744073709551615,35438592,170229760,150994944,21520384,0,0,29343,15923,22150,153,16384,170262528,21397504,13991936,0
[2014-12-04T21:19:21.783352702Z] 35438592,170229760,150994944,21520384,0,0,29391,15971,22199,153,16384,170262528,21397504,13991936,0,18446744073709551615,18446744073709551615,35438592,170229760,150994944,21520384,0,0,29391,15971,22199,153,16384,170262528,21397504,13991936,0
[2014-12-04T21:19:22.932166875Z] 35438592,170360832,150994944,21520384,0,0,29471,16019,22280,153,16384,170393600,21397504,13991936,0,18446744073709551615,18446744073709551615,35438592,170360832,150994944,21520384,0,0,29471,16019,22280,153,16384,170393600,21397504,13991936,0
[2014-12-04T21:19:24.187048676Z] 35438592,170360832,150994944,21520384,0,0,29487,16035,22298,153,16384,170393600,21397504,13991936,0,18446744073709551615,18446744073709551615,35438592,170360832,150994944,21520384,0,0,29487,16035,22298,153,16384,170393600,21397504,13991936,0
[2014-12-04T21:19:24.829324306Z] 35438592,170749952,150994944,21520384,0,0,29582,16035,22395,153,16384,170782720,21397504,13991936,0,18446744073709551615,18446744073709551615,35438592,170749952,150994944,21520384,0,0,29582,16035,22395,153,16384,170782720,21397504,13991936,0
[2014-12-04T21:19:25.847108372Z] 35438592,170754048,150994944,21520384,0,0,29583,16035,22397,153,16384,170786816,21397504,13991936,0,18446744073709551615,18446744073709551615,35438592,170754048,150994944,21520384,0,0,29583,16035,22397,153,16384,170786816,21397504,13991936,0
[2014-12-04T21:19:26.860580981Z] 35438592,170930176,150994944,21520384,0,0,29642,16051,22457,153,16384,170962944,21397504,13991936,0,18446744073709551615,18446744073709551615,35438592,170930176,150994944,21520384,0,0,29642,16051,22457,153,16384,170962944,21397504,13991936,0
[2014-12-04T21:19:27.869974523Z] 35438592,171233280,150994944,21520384,0,0,29782,16117,22597,153,16384,171266048,21397504,13991936,0,18446744073709551615,18446744073709551615,35438592,171233280,150994944,21520384,0,0,29782,16117,22597,153,16384,171266048,21397504,13991936,0
[2014-12-04T21:19:28.889093487Z] 35438592,171368448,150994944,21520384,0,0,29831,16133,22646,153,16384,171401216,21397504,13991936,0,18446744073709551615,18446744073709551615,35438592,171368448,150994944,21520384,0,0,29831,16133,22646,153,16384,171401216,21397504,13991936,0
[2014-12-04T21:19:29.914203533Z] 35438592,171368448,150994944,21520384,0,0,29863,16165,22680,153,16384,171401216,21397504,13991936,0,18446744073709551615,18446744073709551615,35438592,171368448,150994944,21520384,0,0,29863,16165,22680,153,16384,171401216,21397504,13991936,0
[2014-12-04T21:19:30.945715684Z] 35438592,171372544,150994944,21520384,0,0,29896,16197,22714,153,16384,171405312,21397504,13991936,0,18446744073709551615,18446744073709551615,35438592,171372544,150994944,21520384,0,0,29896,16197,22714,153,16384,171405312,21397504,13991936,0
[2014-12-04T21:19:31.952250219Z] 35438592,171577344,150994944,21520384,0,0,29962,16213,22781,153,16384,171610112,21397504,13991936,0,18446744073709551615,18446744073709551615,35438592,171577344,150994944,21520384,0,0,29962,16213,22781,153,16384,171610112,21397504,13991936,0
[2014-12-04T21:19:32.963013178Z] 35438592,171130880,150994944,21520384,0,0,29965,16325,22786,153,16384,171163648,21397504,13991936,0,18446744073709551615,18446744073709551615,35438592,171130880,150994944,21520384,0,0,29965,16325,22786,153,16384,171163648,21397504,13991936,0
[2014-12-04T21:19:33.977880208Z] 35438592,171315200,150994944,21520384,0,0,30010,16325,22831,153,16384,171347968,21397504,13991936,0,18446744073709551615,18446744073709551615,35438592,171315200,150994944,21520384,0,0,30010,16325,22831,153,16384,171347968,21397504,13991936,0
[2014-12-04T21:19:34.989489925Z] 35438592,171343872,150994944,21520384,0,0,30033,16341,22854,153,16384,171376640,21397504,13991936,0,18446744073709551615,18446744073709551615,35438592,171343872,150994944,21520384,0,0,30033,16341,22854,153,16384,171376640,21397504,13991936,0
[2014-12-04T21:19:36.033552558Z] 35438592,171343872,150994944,21520384,0,0,30033,16341,22855,153,16384,171376640,21397504,13991936,0,18446744073709551615,18446744073709551615,35438592,171343872,150994944,21520384,0,0,30033,16341,22855,153,16384,171376640,21397504,13991936,0
[2014-12-04T21:19:37.046531549Z] 35438592,171352064,150994944,21520384,0,0,30035,16341,22857,153,16384,171384832,21397504,13991936,0,18446744073709551615,18446744073709551615,35438592,171352064,150994944,21520384,0,0,30035,16341,22857,153,16384,171384832,21397504,13991936,0
[2014-12-04T21:19:38.062077432Z] 35438592,171495424,150994944,21520384,0,0,30086,16357,22908,153,16384,171528192,21397504,13991936,0,18446744073709551615,18446744073709551615,35438592,171495424,150994944,21520384,0,0,30086,16357,22908,153,16384,171528192,21397504,13991936,0
[2014-12-04T21:19:39.094060489Z] 35438592,172199936,148897792,21520384,0,0,31053,17152,23879,153,16384,172232704,21397504,13991936,0,18446744073709551615,18446744073709551615,35438592,172199936,148897792,21520384,0,0,31053,17152,23879,153,16384,172232704,21397504,13991936,0
[2014-12-04T21:19:40.163166433Z] 35438592,172224512,148897792,21520384,0,0,31091,17184,23922,153,16384,172257280,21397504,13991936,0,18446744073709551615,18446744073709551615,35438592,172224512,148897792,21520384,0,0,31091,17184,23922,153,16384,172257280,21397504,13991936,0
[2014-12-04T21:19:41.145819174Z] 35438592,172224512,148897792,21520384,0,0,31091,17184,23924,153,16384,172257280,21397504,13991936,0,18446744073709551615,18446744073709551615,35438592,172224512,148897792,21520384,0,0,31091,17184,23924,153,16384,172257280,21397504,13991936,0
[2014-12-04T21:19:42.150153140Z] 35438592,172244992,148897792,21520384,0,0,31112,17200,23949,153,16384,172277760,21397504,13991936,0,18446744073709551615,18446744073709551615,35438592,172244992,148897792,21520384,0,0,31112,17200,23949,153,16384,172277760,21397504,13991936,0
[2014-12-04T21:19:43.184620681Z] 35438592,170041344,148897792,21520384,0,0,31128,17754,23966,153,16384,170074112,21397504,13991936,0,18446744073709551615,18446744073709551615,35438592,170041344,148897792,21520384,0,0,31128,17754,23966,153,16384,170074112,21397504,13991936,0
[2014-12-04T21:19:44.205720120Z] 35438592,172109824,148897792,21520384,0,0,31633,17754,24473,153,16384,172142592,21397504,13991936,0,18446744073709551615,18446744073709551615,35438592,172109824,148897792,21520384,0,0,31633,17754,24473,153,16384,172142592,21397504,13991936,0
[2014-12-04T21:19:45.224984804Z] 35438592,172122112,148897792,21520384,0,0,31636,17754,24476,153,16384,172154880,21397504,13991936,0,18446744073709551615,18446744073709551615,35438592,172122112,148897792,21520384,0,0,31636,17754,24476,153,16384,172154880,21397504,13991936,0
[2014-12-04T21:19:46.239124050Z] 35438592,172290048,148897792,21520384,0,0,31693,17770,24533,153,16384,172322816,21397504,13991936,0,18446744073709551615,18446744073709551615,35438592,172290048,148897792,21520384,0,0,31693,17770,24533,153,16384,172322816,21397504,13991936,0
[2014-12-04T21:19:47.361106233Z] 35438592,172294144,148897792,21520384,0,0,31710,17786,24550,153,16384,172326912,21397504,13991936,0,18446744073709551615,18446744073709551615,35438592,172294144,148897792,21520384,0,0,31710,17786,24550,153,16384,172326912,21397504,13991936,0
[2014-12-04T21:19:48.299809947Z] 35438592,172294144,148897792,21520384,0,0,31710,17786,24550,153,16384,172326912,21397504,13991936,0,18446744073709551615,18446744073709551615,35438592,172294144,148897792,21520384,0,0,31710,17786,24550,153,16384,172326912,21397504,13991936,0
[2014-12-04T21:19:49.334537171Z] 35438592,172306432,148897792,21520384,0,0,31729,17802,24570,153,16384,172339200,21397504,13991936,0,18446744073709551615,18446744073709551615,35438592,172306432,148897792,21520384,0,0,31729,17802,24570,153,16384,172339200,21397504,13991936,0
[2014-12-04T21:19:50.374417792Z] 35438592,172306432,148897792,21536768,0,0,31761,17834,24602,153,16384,172339200,21397504,13991936,0,18446744073709551615,18446744073709551615,35438592,172306432,148897792,21536768,0,0,31761,17834,24602,153,16384,172339200,21397504,13991936,0
[2014-12-04T21:19:51.404503739Z] 35438592,172306432,148897792,21520384,0,0,31761,17834,24602,153,16384,172339200,21397504,13991936,0,18446744073709551615,18446744073709551615,35438592,172306432,148897792,21520384,0,0,31761,17834,24602,153,16384,172339200,21397504,13991936,0
[2014-12-04T21:19:52.432602152Z] 35438592,172306432,148897792,21520384,0,0,31777,17850,24618,153,16384,172339200,21397504,13991936,0,18446744073709551615,18446744073709551615,35438592,172306432,148897792,21520384,0,0,31777,17850,24618,153,16384,172339200,21397504,13991936,0
[2014-12-04T21:19:53.443845900Z] 35438592,170274816,148897792,21520384,0,0,31809,18378,24650,153,16384,170307584,21397504,13991936,0,18446744073709551615,18446744073709551615,35438592,170274816,148897792,21520384,0,0,31809,18378,24650,153,16384,170307584,21397504,13991936,0
[2014-12-04T21:19:54.452094814Z] 35438592,172404736,150994944,21520384,0,0,31825,18385,24665,153,16384,172437504,21397504,13991936,0,18446744073709551615,18446744073709551615,35438592,172404736,150994944,21520384,0,0,31825,18385,24665,153,16384,172437504,21397504,13991936,0
[2014-12-04T21:19:55.472678459Z] 35438592,172404736,150994944,21520384,0,0,31857,18417,24697,153,16384,172437504,21397504,13991936,0,18446744073709551615,18446744073709551615,35438592,172404736,150994944,21520384,0,0,31857,18417,24697,153,16384,172437504,21397504,13991936,0
[2014-12-04T21:19:56.486090736Z] 35438592,172404736,150994944,21520384,0,0,31873,18433,24713,153,16384,172437504,21397504,13991936,0,18446744073709551615,18446744073709551615,35438592,172404736,150994944,21520384,0,0,31873,18433,24713,153,16384,172437504,21397504,13991936,0
[2014-12-04T21:19:57.496400982Z] 35438592,172466176,150994944,21520384,0,0,31888,18433,24728,153,16384,172498944,21397504,13991936,0,18446744073709551615,18446744073709551615,35438592,172466176,150994944,21520384,0,0,31888,18433,24728,153,16384,172498944,21397504,13991936,0
[2014-12-04T21:19:58.586295849Z] 35438592,172466176,150994944,21520384,0,0,31920,18465,24760,153,16384,172498944,21397504,13991936,0,18446744073709551615,18446744073709551615,35438592,172466176,150994944,21520384,0,0,31920,18465,24760,153,16384,172498944,21397504,13991936,0
[2014-12-04T21:19:59.548395137Z] 35438592,172466176,150994944,21520384,0,0,31920,18465,24760,153,16384,172498944,21397504,13991936,0,18446744073709551615,18446744073709551615,35438592,172466176,150994944,21520384,0,0,31920,18465,24760,153,16384,172498944,21397504,13991936,0
[2014-12-04T21:20:00.659609114Z] 35438592,172466176,150994944,21520384,0,0,31920,18465,24761,153,16384,172498944,21397504,13991936,0,18446744073709551615,18446744073709551615,35438592,172466176,150994944,21520384,0,0,31920,18465,24761,153,16384,172498944,21397504,13991936,0
[2014-12-04T21:20:01.693179416Z] 35438592,172466176,150994944,21520384,0,0,31952,18497,24793,153,16384,172498944,21397504,13991936,0,18446744073709551615,18446744073709551615,35438592,172466176,150994944,21520384,0,0,31952,18497,24793,153,16384,172498944,21397504,13991936,0
[2014-12-04T21:20:02.695557276Z] 35438592,172466176,150994944,21520384,0,0,31968,18513,24809,153,16384,172498944,21397504,13991936,0,18446744073709551615,18446744073709551615,35438592,172466176,150994944,21520384,0,0,31968,18513,24809,153,16384,172498944,21397504,13991936,0
[2014-12-04T21:20:03.718365700Z] 35438592,172466176,150994944,21520384,0,0,31984,18529,24826,153,16384,172498944,21397504,13991936,0,18446744073709551615,18446744073709551615,35438592,172466176,150994944,21520384,0,0,31984,18529,24826,153,16384,172498944,21397504,13991936,0
[2014-12-04T21:20:04.733735033Z] 35438592,189181952,167772160,21520384,0,0,32041,18593,24875,153,16384,189214720,21397504,13991936,0,18446744073709551615,18446744073709551615,35438592,189181952,167772160,21520384,0,0,32041,18593,24875,153,16384,189214720,21397504,13991936,0
[2014-12-04T21:20:05.823241070Z] 35438592,189181952,167772160,21520384,0,0,32041,18593,24875,153,16384,189214720,21397504,13991936,0,18446744073709551615,18446744073709551615,35438592,189181952,167772160,21520384,0,0,32041,18593,24875,153,16384,189214720,21397504,13991936,0
[2014-12-04T21:20:06.809544725Z] 35438592,190853120,167772160,21520384,0,0,32449,18593,25305,153,16384,190885888,21397504,13991936,0,18446744073709551615,18446744073709551615,35438592,190853120,167772160,21520384,0,0,32449,18593,25305,153,16384,190885888,21397504,13991936,0
[2014-12-04T21:20:07.827220080Z] 35438592,190853120,167772160,21520384,0,0,32465,18609,25321,153,16384,190885888,21397504,13991936,0,18446744073709551615,18446744073709551615,35438592,190853120,167772160,21520384,0,0,32465,18609,25321,153,16384,190885888,21397504,13991936,0
[2014-12-04T21:20:08.837160930Z] 35438592,196673536,167772160,21520384,0,0,35243,19966,28099,153,16384,196673536,21397504,13991936,0,18446744073709551615,18446744073709551615,35438592,196673536,167772160,21520384,0,0,35243,19966,28099,153,16384,196673536,21397504,13991936,0
[2014-12-04T21:20:10.030361137Z] 35438592,195604480,167772160,21536768,20480,0,35419,20403,28277,153,16384,195637248,21397504,13991936,0,18446744073709551615,18446744073709551615,35438592,195604480,167772160,21536768,20480,0,35419,20403,28277,153,16384,195637248,21397504,13991936,0
[2014-12-04T21:20:11.035403286Z] 35438592,195604480,167772160,21520384,0,0,35419,20403,28280,153,16384,195637248,21397504,13991936,0,18446744073709551615,18446744073709551615,35438592,195604480,167772160,21520384,0,0,35419,20403,28280,153,16384,195637248,21397504,13991936,0
[2014-12-04T21:20:11.981625318Z] 35438592,195604480,167772160,21520384,0,0,35435,20419,28298,153,16384,195637248,21397504,13991936,0,18446744073709551615,18446744073709551615,35438592,195604480,167772160,21520384,0,0,35435,20419,28298,153,16384,195637248,21397504,13991936,0
[2014-12-04T21:20:13.028391227Z] 35438592,195604480,167772160,21520384,0,0,35435,20419,28298,153,16384,195637248,21397504,13991936,0,18446744073709551615,18446744073709551615,35438592,195604480,167772160,21520384,0,0,35435,20419,28298,153,16384,195637248,21397504,13991936,0
[2014-12-04T21:20:14.048861083Z] 35438592,191877120,167772160,21520384,0,0,35435,21329,28298,153,16384,191909888,21397504,13991936,0,18446744073709551615,18446744073709551615,35438592,191877120,167772160,21520384,0,0,35435,21329,28298,153,16384,191909888,21397504,13991936,0
[2014-12-04T21:20:15.127618162Z] 35438592,198148096,174063616,21520384,0,0,35438,21334,28298,153,16384,198180864,21397504,13991936,0,18446744073709551615,18446744073709551615,35438592,198148096,174063616,21520384,0,0,35438,21334,28298,153,16384,198180864,21397504,13991936,0
[2014-12-04T21:20:16.155104858Z] 35438592,198148096,174063616,21520384,0,0,35438,21334,28298,153,16384,198180864,21397504,13991936,0,18446744073709551615,18446744073709551615,35438592,198148096,174063616,21520384,0,0,35438,21334,28298,153,16384,198180864,21397504,13991936,0
[2014-12-04T21:20:17.257075497Z] 35438592,198148096,174063616,21520384,0,0,35486,21382,28346,153,16384,198180864,21397504,13991936,0,18446744073709551615,18446744073709551615,35438592,198148096,174063616,21520384,0,0,35486,21382,28346,153,16384,198180864,21397504,13991936,0
[2014-12-04T21:20:18.714244782Z] 35438592,198148096,174063616,21520384,0,0,35502,21398,28362,153,16384,198180864,21397504,13991936,0,18446744073709551615,18446744073709551615,35438592,198148096,174063616,21520384,0,0,35502,21398,28362,153,16384,198180864,21397504,13991936,0
[2014-12-04T21:20:19.260364336Z] 35438592,197197824,171966464,21520384,0,0,36476,22604,29336,153,16384,197230592,21397504,13991936,0,18446744073709551615,18446744073709551615,35438592,197197824,171966464,21520384,0,0,36476,22604,29336,153,16384,197230592,21397504,13991936,0
[2014-12-04T21:20:20.286898939Z] 35438592,197197824,171966464,21565440,0,0,36508,22636,29368,153,16384,197230592,21397504,13991936,0,18446744073709551615,18446744073709551615,35438592,197197824,171966464,21565440,0,0,36508,22636,29368,153,16384,197230592,21397504,13991936,0
[2014-12-04T21:20:21.744596437Z] 35438592,197197824,171966464,21536768,0,0,36524,22652,29385,153,16384,197230592,21397504,13991936,0,18446744073709551615,18446744073709551615,35438592,197197824,171966464,21536768,0,0,36524,22652,29385,153,16384,197230592,21397504,13991936,0
[2014-12-04T21:20:22.336801868Z] 35438592,197197824,171966464,21520384,0,0,36524,22652,29386,153,16384,197230592,21397504,13991936,0,18446744073709551615,18446744073709551615,35438592,197197824,171966464,21520384,0,0,36524,22652,29386,153,16384,197230592,21397504,13991936,0
[2014-12-04T21:20:23.358269195Z] 35438592,197197824,171966464,21536768,0,0,36524,22652,29386,153,16384,197230592,21397504,13991936,0,18446744073709551615,18446744073709551615,35438592,197197824,171966464,21536768,0,0,36524,22652,29386,153,16384,197230592,21397504,13991936,0
[2014-12-04T21:20:24.477265446Z] 35438592,197160960,171966464,21520384,0,0,36555,22692,29417,153,16384,197193728,21397504,13991936,0,18446744073709551615,18446744073709551615,35438592,197160960,171966464,21520384,0,0,36555,22692,29417,153,16384,197193728,21397504,13991936,0
[2014-12-04T21:20:25.469108054Z] 35438592,197165056,171966464,21520384,0,0,36572,22708,29434,153,16384,197197824,21397504,13991936,0,18446744073709551615,18446744073709551615,35438592,197165056,171966464,21520384,0,0,36572,22708,29434,153,16384,197197824,21397504,13991936,0
[2014-12-04T21:20:26.517876137Z] 35438592,197165056,171966464,21520384,0,0,36588,22724,29450,153,16384,197197824,21397504,13991936,0,18446744073709551615,18446744073709551615,35438592,197165056,171966464,21520384,0,0,36588,22724,29450,153,16384,197197824,21397504,13991936,0
[2014-12-04T21:20:27.540805755Z] 35438592,197165056,171966464,21520384,0,0,36588,22724,29451,153,16384,197197824,21397504,13991936,0,18446744073709551615,18446744073709551615,35438592,197165056,171966464,21520384,0,0,36588,22724,29451,153,16384,197197824,21397504,13991936,0
[2014-12-04T21:20:28.570657592Z] 35438592,197025792,171966464,21520384,0,0,36604,22774,29467,153,16384,197058560,21397504,13991936,0,18446744073709551615,18446744073709551615,35438592,197025792,171966464,21520384,0,0,36604,22774,29467,153,16384,197058560,21397504,13991936,0
[2014-12-04T21:20:29.594689205Z] 35438592,197025792,171966464,21520384,0,0,36636,22806,29500,153,16384,197058560,21397504,13991936,0,18446744073709551615,18446744073709551615,35438592,197025792,171966464,21520384,0,0,36636,22806,29500,153,16384,197058560,21397504,13991936,0
[2014-12-04T21:20:30.888687878Z] 35438592,197029888,171966464,21520384,0,0,36685,22854,29549,153,16384,197062656,21397504,13991936,0,18446744073709551615,18446744073709551615,35438592,197029888,171966464,21520384,0,0,36685,22854,29549,153,16384,197062656,21397504,13991936,0
[2014-12-04T21:20:31.679890427Z] 35438592,197029888,171966464,21520384,0,0,36701,22870,29565,153,16384,197062656,21397504,13991936,0,18446744073709551615,18446744073709551615,35438592,197029888,171966464,21520384,0,0,36701,22870,29565,153,16384,197062656,21397504,13991936,0
[2014-12-04T21:20:32.996320354Z] 35438592,197029888,171966464,21520384,0,0,36717,22886,29581,153,16384,197062656,21397504,13991936,0,18446744073709551615,18446744073709551615,35438592,197029888,171966464,21520384,0,0,36717,22886,29581,153,16384,197062656,21397504,13991936,0
[2014-12-04T21:20:33.737208575Z] 35438592,197029888,171966464,21536768,0,0,36717,22886,29581,153,16384,197062656,21397504,13991936,0,18446744073709551615,18446744073709551615,35438592,197029888,171966464,21536768,0,0,36717,22886,29581,153,16384,197062656,21397504,13991936,0
[2014-12-04T21:20:34.707694370Z] 35438592,197029888,171966464,21520384,0,0,36717,22886,29581,153,16384,197062656,21397504,13991936,0,18446744073709551615,18446744073709551615,35438592,197029888,171966464,21520384,0,0,36717,22886,29581,153,16384,197062656,21397504,13991936,0
[2014-12-04T21:20:35.717560832Z] 35438592,197029888,171966464,21520384,0,0,36733,22902,29597,153,16384,197062656,21397504,13991936,0,18446744073709551615,18446744073709551615,35438592,197029888,171966464,21520384,0,0,36733,22902,29597,153,16384,197062656,21397504,13991936,0
[2014-12-04T21:20:36.762803426Z] 35438592,197029888,171966464,21520384,0,0,36749,22918,29613,153,16384,197062656,21397504,13991936,0,18446744073709551615,18446744073709551615,35438592,197029888,171966464,21520384,0,0,36749,22918,29613,153,16384,197062656,21397504,13991936,0
[2014-12-04T21:20:37.801188033Z] 35438592,197029888,171966464,21520384,0,0,36749,22918,29613,153,16384,197062656,21397504,13991936,0,18446744073709551615,18446744073709551615,35438592,197029888,171966464,21520384,0,0,36749,22918,29613,153,16384,197062656,21397504,13991936,0
[2014-12-04T21:20:38.867414311Z] 35438592,197029888,171966464,21520384,0,0,36749,22918,29613,153,16384,197062656,21397504,13991936,0,18446744073709551615,18446744073709551615,35438592,197029888,171966464,21520384,0,0,36749,22918,29613,153,16384,197062656,21397504,13991936,0
[2014-12-04T21:20:39.881380798Z] 35438592,197033984,171966464,21520384,0,0,36766,22934,29630,153,16384,197066752,21397504,13991936,0,18446744073709551615,18446744073709551615,35438592,197033984,171966464,21520384,0,0,36766,22934,29630,153,16384,197066752,21397504,13991936,0
[2014-12-04T21:20:40.945498200Z] 35438592,197033984,171966464,21520384,0,0,36798,22966,29664,153,16384,197066752,21397504,13991936,0,18446744073709551615,18446744073709551615,35438592,197033984,171966464,21520384,0,0,36798,22966,29664,153,16384,197066752,21397504,13991936,0
[2014-12-04T21:20:42.149974768Z] 35438592,197033984,171966464,21520384,0,0,36814,22982,29682,153,16384,197066752,21397504,13991936,0,18446744073709551615,18446744073709551615,35438592,197033984,171966464,21520384,0,0,36814,22982,29682,153,16384,197066752,21397504,13991936,0
[2014-12-04T21:20:42.989721808Z] 35438592,197095424,171966464,21520384,0,0,36877,23030,29745,153,16384,197128192,21397504,13991936,0,18446744073709551615,18446744073709551615,35438592,197095424,171966464,21520384,0,0,36877,23030,29745,153,16384,197128192,21397504,13991936,0
[2014-12-04T21:20:44.047894536Z] 35438592,197095424,171966464,21520384,0,0,36877,23030,29745,153,16384,197128192,21397504,13991936,0,18446744073709551615,18446744073709551615,35438592,197095424,171966464,21520384,0,0,36877,23030,29745,153,16384,197128192,21397504,13991936,0
[2014-12-04T21:20:45.102116589Z] 35438592,201650176,180355072,21520384,0,0,36897,23982,29761,153,16384,201682944,21397504,13991936,0,18446744073709551615,18446744073709551615,35438592,201650176,180355072,21520384,0,0,36897,23982,29761,153,16384,201682944,21397504,13991936,0
[2014-12-04T21:20:46.115636351Z] 35438592,201650176,180355072,21520384,0,0,36897,23982,29761,153,16384,201682944,21397504,13991936,0,18446744073709551615,18446744073709551615,35438592,201650176,180355072,21520384,0,0,36897,23982,29761,153,16384,201682944,21397504,13991936,0
[2014-12-04T21:20:47.127066186Z] 35438592,201650176,180355072,21520384,0,0,36913,23998,29779,153,16384,201682944,21397504,13991936,0,18446744073709551615,18446744073709551615,35438592,201650176,180355072,21520384,0,0,36913,23998,29779,153,16384,201682944,21397504,13991936,0
[2014-12-04T21:20:48.143569734Z] 35438592,201650176,180355072,21520384,0,0,36929,24014,29795,153,16384,201682944,21397504,13991936,0,18446744073709551615,18446744073709551615,35438592,201650176,180355072,21520384,0,0,36929,24014,29795,153,16384,201682944,21397504,13991936,0
[2014-12-04T21:20:49.400950389Z] 35438592,201650176,180355072,21520384,0,0,36945,24030,29812,153,16384,201682944,21397504,13991936,0,18446744073709551615,18446744073709551615,35438592,201650176,180355072,21520384,0,0,36945,24030,29812,153,16384,201682944,21397504,13991936,0
[2014-12-04T21:20:50.162008787Z] 35438592,201650176,180355072,21520384,0,0,36961,24046,29828,153,16384,201682944,21397504,13991936,0,18446744073709551615,18446744073709551615,35438592,201650176,180355072,21520384,0,0,36961,24046,29828,153,16384,201682944,21397504,13991936,0
[2014-12-04T21:20:51.173043802Z] 35438592,201650176,180355072,21520384,0,0,36977,24062,29845,153,16384,201682944,21397504,13991936,0,18446744073709551615,18446744073709551615,35438592,201650176,180355072,21520384,0,0,36977,24062,29845,153,16384,201682944,21397504,13991936,0
[2014-12-04T21:20:52.195022670Z] 35438592,201650176,180355072,21520384,0,0,36993,24078,29861,153,16384,201682944,21397504,13991936,0,18446744073709551615,18446744073709551615,35438592,201650176,180355072,21520384,0,0,36993,24078,29861,153,16384,201682944,21397504,13991936,0
[2014-12-04T21:20:53.615110578Z] 35438592,201654272,180355072,21536768,0,0,37026,24110,29895,153,16384,201687040,21397504,13991936,0,18446744073709551615,18446744073709551615,35438592,201654272,180355072,21536768,0,0,37026,24110,29895,153,16384,201687040,21397504,13991936,0
[2014-12-04T21:20:54.250685177Z] 35438592,201654272,180355072,21520384,0,0,37042,24126,29912,153,16384,201687040,21397504,13991936,0,18446744073709551615,18446744073709551615,35438592,201654272,180355072,21520384,0,0,37042,24126,29912,153,16384,201687040,21397504,13991936,0
[2014-12-04T21:20:55.301375803Z] 35438592,201654272,180355072,21536768,0,0,37058,24142,29928,153,16384,201687040,21397504,13991936,0,18446744073709551615,18446744073709551615,35438592,201654272,180355072,21536768,0,0,37058,24142,29928,153,16384,201687040,21397504,13991936,0
[2014-12-04T21:20:56.347439726Z] 35438592,201654272,180355072,21520384,0,0,37058,24142,29929,153,16384,201687040,21397504,13991936,0,18446744073709551615,18446744073709551615,35438592,201654272,180355072,21520384,0,0,37058,24142,29929,153,16384,201687040,21397504,13991936,0
[2014-12-04T21:20:57.421057509Z] 35438592,201654272,180355072,21520384,0,0,37058,24142,29929,153,16384,201687040,21397504,13991936,0,18446744073709551615,18446744073709551615,35438592,201654272,180355072,21520384,0,0,37058,24142,29929,153,16384,201687040,21397504,13991936,0
[2014-12-04T21:20:58.506247646Z] 35438592,201654272,180355072,21520384,0,0,37074,24158,29945,153,16384,201687040,21397504,13991936,0,18446744073709551615,18446744073709551615,35438592,201654272,180355072,21520384,0,0,37074,24158,29945,153,16384,201687040,21397504,13991936,0
[2014-12-04T21:21:00.123098046Z] 35438592,201654272,180355072,21520384,0,0,37106,24190,29977,153,16384,201687040,21397504,13991936,0,18446744073709551615,18446744073709551615,35438592,201654272,180355072,21520384,0,0,37106,24190,29977,153,16384,201687040,21397504,13991936,0
[2014-12-04T21:21:00.763071437Z] 35438592,201654272,180355072,21520384,0,0,37106,24190,29977,153,16384,201687040,21397504,13991936,0,18446744073709551615,18446744073709551615,35438592,201654272,180355072,21520384,0,0,37106,24190,29977,153,16384,201687040,21397504,13991936,0
[2014-12-04T21:21:01.840766495Z] 35438592,201654272,180355072,21520384,0,0,37106,24190,29977,153,16384,201687040,21397504,13991936,0,18446744073709551615,18446744073709551615,35438592,201654272,180355072,21520384,0,0,37106,24190,29977,153,16384,201687040,21397504,13991936,0
[2014-12-04T21:21:02.848830567Z] 35438592,201654272,180355072,21520384,0,0,37138,24222,30009,153,16384,201687040,21397504,13991936,0,18446744073709551615,18446744073709551615,35438592,201654272,180355072,21520384,0,0,37138,24222,30009,153,16384,201687040,21397504,13991936,0
[2014-12-04T21:21:03.894361035Z] 35438592,201654272,180355072,21520384,0,0,37138,24222,30009,153,16384,201687040,21397504,13991936,0,18446744073709551615,18446744073709551615,35438592,201654272,180355072,21520384,0,0,37138,24222,30009,153,16384,201687040,21397504,13991936,0
[2014-12-04T21:21:04.908696193Z] 35438592,201654272,180355072,21520384,0,0,37170,24254,30041,153,16384,201687040,21397504,13991936,0,18446744073709551615,18446744073709551615,35438592,201654272,180355072,21520384,0,0,37170,24254,30041,153,16384,201687040,21397504,13991936,0
[2014-12-04T21:21:05.954605105Z] 35438592,200900608,178257920,21520384,0,0,37532,24289,30424,153,16384,200933376,21397504,13991936,0,18446744073709551615,18446744073709551615,35438592,200900608,178257920,21520384,0,0,37532,24289,30424,153,16384,200933376,21397504,13991936,0
[2014-12-04T21:21:06.987986483Z] 35438592,200900608,178257920,21520384,0,0,37532,24289,30424,153,16384,200933376,21397504,13991936,0,18446744073709551615,18446744073709551615,35438592,200900608,178257920,21520384,0,0,37532,24289,30424,153,16384,200933376,21397504,13991936,0
[2014-12-04T21:21:08.056645912Z] 35438592,200900608,178257920,21536768,0,0,37548,24305,30440,153,16384,200933376,21397504,13991936,0,18446744073709551615,18446744073709551615,35438592,200900608,178257920,21536768,0,0,37548,24305,30440,153,16384,200933376,21397504,13991936,0
[2014-12-04T21:21:09.073989767Z] 35438592,200900608,178257920,21520384,0,0,37548,24305,30440,153,16384,200933376,21397504,13991936,0,18446744073709551615,18446744073709551615,35438592,200900608,178257920,21520384,0,0,37548,24305,30440,153,16384,200933376,21397504,13991936,0
[2014-12-04T21:21:10.101761435Z] 35438592,200900608,178257920,21520384,0,0,37564,24321,30456,153,16384,200933376,21397504,13991936,0,18446744073709551615,18446744073709551615,35438592,200900608,178257920,21520384,0,0,37564,24321,30456,153,16384,200933376,21397504,13991936,0
[2014-12-04T21:21:11.148592234Z] 35438592,200900608,178257920,21520384,0,0,37580,24337,30476,153,16384,200933376,21397504,13991936,0,18446744073709551615,18446744073709551615,35438592,200900608,178257920,21520384,0,0,37580,24337,30476,153,16384,200933376,21397504,13991936,0
[2014-12-04T21:21:12.180185038Z] 35438592,200900608,178257920,21520384,0,0,37580,24337,30478,153,16384,200933376,21397504,13991936,0,18446744073709551615,18446744073709551615,35438592,200900608,178257920,21520384,0,0,37580,24337,30478,153,16384,200933376,21397504,13991936,0
[2014-12-04T21:21:13.215425591Z] 35438592,200900608,178257920,21520384,0,0,37612,24369,30510,153,16384,200933376,21397504,13991936,0,18446744073709551615,18446744073709551615,35438592,200900608,178257920,21520384,0,0,37612,24369,30510,153,16384,200933376,21397504,13991936,0
[2014-12-04T21:21:14.235151045Z] 35438592,199569408,178257920,21549056,0,0,37612,24694,30510,153,16384,199602176,21397504,13991936,0,18446744073709551615,18446744073709551615,35438592,199569408,178257920,21536768,0,0,37612,24694,30510,153,16384,199602176,21397504,13991936,0
[2014-12-04T21:21:15.259199707Z] 35438592,199569408,178257920,21520384,0,0,37644,24726,30542,153,16384,199602176,21397504,13991936,0,18446744073709551615,18446744073709551615,35438592,199569408,178257920,21520384,0,0,37644,24726,30542,153,16384,199602176,21397504,13991936,0
[2014-12-04T21:21:16.341695547Z] 35438592,199569408,178257920,21520384,0,0,37660,24742,30558,153,16384,199602176,21397504,13991936,0,18446744073709551615,18446744073709551615,35438592,199569408,178257920,21520384,0,0,37660,24742,30558,153,16384,199602176,21397504,13991936,0
[2014-12-04T21:21:17.409953009Z] 35438592,199569408,178257920,21520384,0,0,37660,24742,30558,153,16384,199602176,21397504,13991936,0,18446744073709551615,18446744073709551615,35438592,199569408,178257920,21520384,0,0,37660,24742,30558,153,16384,199602176,21397504,13991936,0
[2014-12-04T21:21:18.415422697Z] 35438592,199569408,178257920,21536768,0,0,37676,24758,30575,153,16384,199602176,21397504,13991936,0,18446744073709551615,18446744073709551615,35438592,199569408,178257920,21536768,0,0,37676,24758,30575,153,16384,199602176,21397504,13991936,0
[2014-12-04T21:21:19.517419425Z] 35438592,199569408,178257920,21520384,0,0,37692,24774,30591,153,16384,199602176,21397504,13991936,0,18446744073709551615,18446744073709551615,35438592,199569408,178257920,21520384,0,0,37692,24774,30591,153,16384,199602176,21397504,13991936,0
[2014-12-04T21:21:20.463622468Z] 35438592,199569408,178257920,21520384,0,0,37724,24806,30623,153,16384,199602176,21397504,13991936,0,18446744073709551615,18446744073709551615,35438592,199569408,178257920,21520384,0,0,37724,24806,30623,153,16384,199602176,21397504,13991936,0
[2014-12-04T21:21:21.507054868Z] 35438592,199569408,178257920,21520384,0,0,37740,24822,30639,153,16384,199602176,21397504,13991936,0,18446744073709551615,18446744073709551615,35438592,199569408,178257920,21520384,0,0,37740,24822,30639,153,16384,199602176,21397504,13991936,0
[2014-12-04T21:21:22.484732393Z] 35438592,199569408,178257920,21520384,0,0,37756,24838,30655,153,16384,199602176,21397504,13991936,0,18446744073709551615,18446744073709551615,35438592,199569408,178257920,21520384,0,0,37756,24838,30655,153,16384,199602176,21397504,13991936,0
[2014-12-04T21:21:23.495135447Z] 35438592,199569408,178257920,21520384,0,0,37756,24838,30655,153,16384,199602176,21397504,13991936,0,18446744073709551615,18446744073709551615,35438592,199569408,178257920,21520384,0,0,37756,24838,30655,153,16384,199602176,21397504,13991936,0
[2014-12-04T21:21:24.531454574Z] 35438592,199569408,178257920,21520384,0,0,37788,24870,30687,153,16384,199602176,21397504,13991936,0,18446744073709551615,18446744073709551615,35438592,199569408,178257920,21520384,0,0,37788,24870,30687,153,16384,199602176,21397504,13991936,0
[2014-12-04T21:21:25.548372479Z] 35438592,199569408,178257920,21520384,0,0,37804,24886,30703,153,16384,199602176,21397504,13991936,0,18446744073709551615,18446744073709551615,35438592,199569408,178257920,21520384,0,0,37804,24886,30703,153,16384,199602176,21397504,13991936,0
[2014-12-04T21:21:26.673176169Z] 35438592,199569408,178257920,21520384,0,0,37820,24902,30719,153,16384,199602176,21397504,13991936,0,18446744073709551615,18446744073709551615,35438592,199569408,178257920,21520384,0,0,37820,24902,30719,153,16384,199602176,21397504,13991936,0
[2014-12-04T21:21:27.714888895Z] 35438592,199569408,178257920,21536768,0,0,37852,24934,30752,153,16384,199602176,21397504,13991936,0,18446744073709551615,18446744073709551615,35438592,199569408,178257920,21536768,0,0,37852,24934,30752,153,16384,199602176,21397504,13991936,0
[2014-12-04T21:21:28.751297744Z] 35438592,199430144,178257920,21520384,0,0,37868,24984,30768,153,16384,199462912,21397504,13991936,0,18446744073709551615,18446744073709551615,35438592,199430144,178257920,21520384,0,0,37868,24984,30768,153,16384,199462912,21397504,13991936,0
[2014-12-04T21:21:29.767843985Z] 35438592,199434240,178257920,21520384,0,0,37885,25000,30785,153,16384,199467008,21397504,13991936,0,18446744073709551615,18446744073709551615,35438592,199434240,178257920,21520384,0,0,37885,25000,30785,153,16384,199467008,21397504,13991936,0
[2014-12-04T21:21:30.777966603Z] 35438592,199434240,178257920,21520384,0,0,37901,25016,30801,153,16384,199467008,21397504,13991936,0,18446744073709551615,18446744073709551615,35438592,199434240,178257920,21520384,0,0,37901,25016,30801,153,16384,199467008,21397504,13991936,0
[2014-12-04T21:21:31.786303938Z] 35438592,199434240,178257920,21520384,0,0,37933,25048,30833,153,16384,199467008,21397504,13991936,0,18446744073709551615,18446744073709551615,35438592,199434240,178257920,21520384,0,0,37933,25048,30833,153,16384,199467008,21397504,13991936,0
[2014-12-04T21:21:32.810922398Z] 35438592,199434240,178257920,21520384,0,0,37965,25080,30865,153,16384,199467008,21397504,13991936,0,18446744073709551615,18446744073709551615,35438592,199434240,178257920,21520384,0,0,37965,25080,30865,153,16384,199467008,21397504,13991936,0
[2014-12-04T21:21:33.820431175Z] 35438592,199434240,178257920,21520384,0,0,37965,25080,30865,153,16384,199467008,21397504,13991936,0,18446744073709551615,18446744073709551615,35438592,199434240,178257920,21520384,0,0,37965,25080,30865,153,16384,199467008,21397504,13991936,0
[2014-12-04T21:21:34.844960327Z] 35438592,199434240,178257920,21520384,0,0,37997,25112,30897,153,16384,199467008,21397504,13991936,0,18446744073709551615,18446744073709551615,35438592,199434240,178257920,21520384,0,0,37997,25112,30897,153,16384,199467008,21397504,13991936,0
[2014-12-04T21:21:35.850234286Z] 35438592,199434240,178257920,21520384,0,0,38029,25144,30929,153,16384,199467008,21397504,13991936,0,18446744073709551615,18446744073709551615,35438592,199434240,178257920,21520384,0,0,38029,25144,30929,153,16384,199467008,21397504,13991936,0
