time,cache,rss,rss_huge,mapped_file,writeback,swap,pgpgin,pgpgout,pgfault,pgmajfault,inactive_anon,active_anon,inactive_file,active_file,unevictable,hierarchical_memory_limit,hierarchical_memsw_limit,total_cache,total_rss,total_rss_huge,total_mapped_file,total_writeback,total_swap,total_pgpgin,total_pgpgout,total_pgfault,total_pgmajfault,total_inactive_anon,total_active_anon,total_inactive_file,total_active_file,total_unevictable
time,106496,81616896,65011712,32768,0,0,5679,1568,7585,0,16384,81620992,40960,0,0,18446744073709551615,18446744073709551615,106496,81616896,65011712,32768,0,0,5679,1568,7585,0,16384,81620992,40960,0,0
2014-12-04T21:22:39.790210509Z,106496,113610752,94371840,32768,0,0,6933,2165,8895,0,12288,113664000,40960,0,0,18446744073709551615,18446744073709551615,106496,113610752,94371840,32768,0,0,6933,2165,8895,0,12288,113664000,40960,0,0
2014-12-04T21:22:40.796965070Z,106496,113610752,94371840,32768,0,0,6933,2165,8895,0,12288,113664000,40960,0,0,18446744073709551615,18446744073709551615,106496,113610752,94371840,32768,0,0,6933,2165,8895,0,12288,113664000,40960,0,0
2014-12-04T21:22:41.802477576Z,106496,113610752,94371840,32768,0,0,6933,2165,8895,0,12288,113664000,40960,0,0,18446744073709551615,18446744073709551615,106496,113610752,94371840,32768,0,0,6933,2165,8895,0,12288,113664000,40960,0,0
2014-12-04T21:22:42.808118014Z,106496,113610752,94371840,32768,0,0,6933,2165,8895,0,12288,113664000,40960,0,0,18446744073709551615,18446744073709551615,106496,113610752,94371840,32768,0,0,6933,2165,8895,0,12288,113664000,40960,0,0
2014-12-04T21:22:43.815929887Z,106496,113545216,94371840,32768,0,0,6933,2181,8895,0,12288,113598464,40960,0,0,18446744073709551615,18446744073709551615,106496,113545216,94371840,32768,0,0,6933,2181,8895,0,12288,113598464,40960,0,0
2014-12-04T21:22:44.822088072Z,106496,113545216,94371840,32768,0,0,6933,2181,8895,0,12288,113598464,40960,0,0,18446744073709551615,18446744073709551615,106496,113545216,94371840,32768,0,0,6933,2181,8895,0,12288,113598464,40960,0,0
2014-12-04T21:22:45.826587954Z,106496,113545216,94371840,32768,0,0,6933,2181,8895,0,12288,113598464,40960,0,0,18446744073709551615,18446744073709551615,106496,113545216,94371840,32768,0,0,6933,2181,8895,0,12288,113598464,40960,0,0
2014-12-04T21:22:46.832888979Z,106496,113545216,94371840,32768,0,0,6933,2181,8895,0,12288,113598464,40960,0,0,18446744073709551615,18446744073709551615,106496,113545216,94371840,32768,0,0,6933,2181,8895,0,12288,113598464,40960,0,0
2014-12-04T21:22:47.836938283Z,106496,113545216,94371840,32768,0,0,6933,2181,8895,0,12288,113598464,40960,0,0,18446744073709551615,18446744073709551615,106496,113545216,94371840,32768,0,0,6933,2181,8895,0,12288,113598464,40960,0,0
2014-12-04T21:22:48.841821777Z,106496,113545216,94371840,32768,0,0,6933,2181,8895,0,12288,113598464,40960,0,0,18446744073709551615,18446744073709551615,106496,113545216,94371840,32768,0,0,6933,2181,8895,0,12288,113598464,40960,0,0
2014-12-04T21:22:49.846556907Z,106496,113545216,94371840,32768,0,0,6933,2181,8895,0,12288,113598464,40960,0,0,18446744073709551615,18446744073709551615,106496,113545216,94371840,32768,0,0,6933,2181,8895,0,12288,113598464,40960,0,0
2014-12-04T21:22:50.853976630Z,106496,113545216,94371840,32768,0,0,6933,2181,8897,0,12288,113598464,40960,0,0,18446744073709551615,18446744073709551615,106496,113545216,94371840,32768,0,0,6933,2181,8897,0,12288,113598464,40960,0,0
2014-12-04T21:22:51.866479729Z,106496,113545216,94371840,32768,0,0,6933,2181,8897,0,12288,113598464,40960,0,0,18446744073709551615,18446744073709551615,106496,113545216,94371840,32768,0,0,6933,2181,8897,0,12288,113598464,40960,0,0
2014-12-04T21:22:52.870572175Z,106496,113545216,94371840,32768,0,0,6933,2181,8897,0,12288,113598464,40960,0,0,18446744073709551615,18446744073709551615,106496,113545216,94371840,32768,0,0,6933,2181,8897,0,12288,113598464,40960,0,0
2014-12-04T21:22:53.975265043Z,106496,113545216,94371840,32768,0,0,6933,2181,8897,0,12288,113598464,40960,0,0,18446744073709551615,18446744073709551615,106496,113545216,94371840,32768,0,0,6933,2181,8897,0,12288,113598464,40960,0,0
2014-12-04T21:22:54.894602178Z,106496,113545216,94371840,32768,0,0,6933,2181,8897,0,12288,113598464,40960,0,0,18446744073709551615,18446744073709551615,106496,113545216,94371840,32768,0,0,6933,2181,8897,0,12288,113598464,40960,0,0
2014-12-04T21:22:55.905676338Z,106496,113545216,94371840,32768,0,0,6933,2181,8897,0,12288,113598464,40960,0,0,18446744073709551615,18446744073709551615,106496,113545216,94371840,32768,0,0,6933,2181,8897,0,12288,113598464,40960,0,0
2014-12-04T21:22:56.911857653Z,106496,113545216,94371840,32768,0,0,6933,2181,8897,0,12288,113598464,40960,0,0,18446744073709551615,18446744073709551615,106496,113545216,94371840,32768,0,0,6933,2181,8897,0,12288,113598464,40960,0,0
2014-12-04T21:22:57.928365379Z,106496,113545216,94371840,32768,0,0,6933,2181,8897,0,12288,113598464,40960,0,0,18446744073709551615,18446744073709551615,106496,113545216,94371840,32768,0,0,6933,2181,8897,0,12288,113598464,40960,0,0
2014-12-04T21:22:58.933872501Z,106496,113545216,94371840,32768,0,0,6933,2181,8897,0,12288,113598464,40960,0,0,18446744073709551615,18446744073709551615,106496,113545216,94371840,32768,0,0,6933,2181,8897,0,12288,113598464,40960,0,0
2014-12-04T21:22:59.941511049Z,106496,113545216,94371840,32768,0,0,6933,2181,8897,0,12288,113598464,40960,0,0,18446744073709551615,18446744073709551615,106496,113545216,94371840,32768,0,0,6933,2181,8897,0,12288,113598464,40960,0,0
2014-12-04T21:23:00.960380287Z,106496,113545216,94371840,32768,0,0,6933,2181,8897,0,12288,113598464,40960,0,0,18446744073709551615,18446744073709551615,106496,113545216,94371840,32768,0,0,6933,2181,8897,0,12288,113598464,40960,0,0
2014-12-04T21:23:01.964454404Z,106496,113545216,94371840,32768,0,0,6933,2181,8898,0,12288,113598464,40960,0,0,18446744073709551615,18446744073709551615,106496,113545216,94371840,32768,0,0,6933,2181,8898,0,12288,113598464,40960,0,0
2014-12-04T21:23:02.974996144Z,106496,113545216,94371840,32768,0,0,6933,2181,8898,0,12288,113598464,40960,0,0,18446744073709551615,18446744073709551615,106496,113545216,94371840,32768,0,0,6933,2181,8898,0,12288,113598464,40960,0,0
2014-12-04T21:23:03.988649329Z,106496,113545216,94371840,32768,0,0,6933,2181,8898,0,12288,113598464,40960,0,0,18446744073709551615,18446744073709551615,106496,113545216,94371840,32768,0,0,6933,2181,8898,0,12288,113598464,40960,0,0
2014-12-04T21:23:05.099395885Z,106496,113545216,94371840,32768,0,0,6933,2181,8898,0,12288,113598464,40960,0,0,18446744073709551615,18446744073709551615,106496,113545216,94371840,32768,0,0,6933,2181,8898,0,12288,113598464,40960,0,0
2014-12-04T21:23:06.013801891Z,106496,113545216,94371840,32768,0,0,6933,2181,8898,0,12288,113598464,40960,0,0,18446744073709551615,18446744073709551615,106496,113545216,94371840,32768,0,0,6933,2181,8898,0,12288,113598464,40960,0,0
2014-12-04T21:23:07.018018066Z,106496,113545216,94371840,32768,0,0,6933,2181,8898,0,12288,113598464,40960,0,0,18446744073709551615,18446744073709551615,106496,113545216,94371840,32768,0,0,6933,2181,8898,0,12288,113598464,40960,0,0
2014-12-04T21:23:08.026807029Z,106496,113545216,94371840,32768,0,0,6933,2181,8898,0,12288,113598464,40960,0,0,18446744073709551615,18446744073709551615,106496,113545216,94371840,32768,0,0,6933,2181,8898,0,12288,113598464,40960,0,0
2014-12-04T21:23:09.040896070Z,106496,113545216,94371840,32768,0,0,6933,2181,8898,0,12288,113598464,40960,0,0,18446744073709551615,18446744073709551615,106496,113545216,94371840,32768,0,0,6933,2181,8898,0,12288,113598464,40960,0,0
2014-12-04T21:23:10.046898512Z,106496,113545216,94371840,32768,0,0,6933,2181,8898,0,12288,113598464,40960,0,0,18446744073709551615,18446744073709551615,106496,113545216,94371840,32768,0,0,6933,2181,8898,0,12288,113598464,40960,0,0
2014-12-04T21:23:11.057293925Z,106496,113545216,94371840,32768,0,0,6933,2181,8898,0,12288,113598464,40960,0,0,18446744073709551615,18446744073709551615,106496,113545216,94371840,32768,0,0,6933,2181,8898,0,12288,113598464,40960,0,0
2014-12-04T21:23:12.290110339Z,106496,113545216,94371840,32768,0,0,6933,2181,8898,0,12288,113598464,40960,0,0,18446744073709551615,18446744073709551615,106496,113545216,94371840,32768,0,0,6933,2181,8898,0,12288,113598464,40960,0,0
2014-12-04T21:23:13.069302658Z,106496,113545216,94371840,32768,0,0,6933,2181,8898,0,12288,113598464,40960,0,0,18446744073709551615,18446744073709551615,106496,113545216,94371840,32768,0,0,6933,2181,8898,0,12288,113598464,40960,0,0
2014-12-04T21:23:14.456072518Z,106496,113545216,94371840,32768,0,0,6933,2181,8898,0,12288,113598464,40960,0,0,18446744073709551615,18446744073709551615,106496,113545216,94371840,32768,0,0,6933,2181,8898,0,12288,113598464,40960,0,0
2014-12-04T21:23:15.108142829Z,106496,113545216,94371840,32768,0,0,6933,2181,8898,0,12288,113598464,40960,0,0,18446744073709551615,18446744073709551615,106496,113545216,94371840,32768,0,0,6933,2181,8898,0,12288,113598464,40960,0,0
2014-12-04T21:23:16.132780334Z,106496,113545216,94371840,32768,0,0,6933,2181,8898,0,12288,113598464,40960,0,0,18446744073709551615,18446744073709551615,106496,113545216,94371840,32768,0,0,6933,2181,8898,0,12288,113598464,40960,0,0
2014-12-04T21:23:17.172839248Z,106496,113545216,94371840,32768,0,0,6933,2181,8898,0,12288,113598464,40960,0,0,18446744073709551615,18446744073709551615,106496,113545216,94371840,32768,0,0,6933,2181,8898,0,12288,113598464,40960,0,0
2014-12-04T21:23:18.165267913Z,106496,113545216,94371840,32768,0,0,6933,2181,8898,0,12288,113598464,40960,0,0,18446744073709551615,18446744073709551615,106496,113545216,94371840,32768,0,0,6933,2181,8898,0,12288,113598464,40960,0,0
2014-12-04T21:23:19.458011306Z,106496,113545216,94371840,32768,0,0,6933,2181,8898,0,12288,113598464,40960,0,0,18446744073709551615,18446744073709551615,106496,113545216,94371840,32768,0,0,6933,2181,8898,0,12288,113598464,40960,0,0
2014-12-04T21:23:20.165639671Z,106496,113545216,94371840,32768,0,0,6933,2181,8898,0,12288,113598464,40960,0,0,18446744073709551615,18446744073709551615,106496,113545216,94371840,32768,0,0,6933,2181,8898,0,12288,113598464,40960,0,0
2014-12-04T21:23:21.596045449Z,106496,113545216,94371840,32768,0,0,6933,2181,8900,0,12288,113598464,40960,0,0,18446744073709551615,18446744073709551615,106496,113545216,94371840,32768,0,0,6933,2181,8900,0,12288,113598464,40960,0,0
2014-12-04T21:23:22.355842504Z,106496,113545216,94371840,32768,0,0,6933,2181,8900,0,12288,113598464,40960,0,0,18446744073709551615,18446744073709551615,106496,113545216,94371840,32768,0,0,6933,2181,8900,0,12288,113598464,40960,0,0
2014-12-04T21:23:23.505787870Z,106496,113545216,94371840,32768,0,0,6933,2181,8900,0,12288,113598464,40960,0,0,18446744073709551615,18446744073709551615,106496,113545216,94371840,32768,0,0,6933,2181,8900,0,12288,113598464,40960,0,0
2014-12-04T21:23:24.197281191Z,106496,113545216,94371840,32768,0,0,6933,2181,8900,0,12288,113598464,40960,0,0,18446744073709551615,18446744073709551615,106496,113545216,94371840,32768,0,0,6933,2181,8900,0,12288,113598464,40960,0,0
2014-12-04T21:23:25.201318820Z,106496,113545216,94371840,32768,0,0,6933,2181,8900,0,12288,113598464,40960,0,0,18446744073709551615,18446744073709551615,106496,113545216,94371840,32768,0,0,6933,2181,8900,0,12288,113598464,40960,0,0
2014-12-04T21:23:26.549957698Z,106496,113545216,94371840,32768,0,0,6933,2181,8900,0,12288,113598464,40960,0,0,18446744073709551615,18446744073709551615,106496,113545216,94371840,32768,0,0,6933,2181,8900,0,12288,113598464,40960,0,0
2014-12-04T21:23:27.218928311Z,106496,113545216,94371840,32768,0,0,6933,2181,8900,0,12288,113598464,40960,0,0,18446744073709551615,18446744073709551615,106496,113545216,94371840,32768,0,0,6933,2181,8900,0,12288,113598464,40960,0,0
2014-12-04T21:23:28.227217800Z,106496,113545216,94371840,32768,0,0,6933,2181,8900,0,12288,113598464,40960,0,0,18446744073709551615,18446744073709551615,106496,113545216,94371840,32768,0,0,6933,2181,8900,0,12288,113598464,40960,0,0
2014-12-04T21:23:29.232080602Z,106496,113545216,94371840,32768,0,0,6933,2181,8900,0,12288,113598464,40960,0,0,18446744073709551615,18446744073709551615,106496,113545216,94371840,32768,0,0,6933,2181,8900,0,12288,113598464,40960,0,0
2014-12-04T21:23:30.615884855Z,106496,113545216,94371840,32768,0,0,6933,2181,8900,0,12288,113598464,40960,0,0,18446744073709551615,18446744073709551615,106496,113545216,94371840,32768,0,0,6933,2181,8900,0,12288,113598464,40960,0,0
2014-12-04T21:23:31.253152199Z,106496,113545216,94371840,32768,0,0,6933,2181,8900,0,12288,113598464,40960,0,0,18446744073709551615,18446744073709551615,106496,113545216,94371840,32768,0,0,6933,2181,8900,0,12288,113598464,40960,0,0
2014-12-04T21:23:32.258446292Z,106496,113545216,94371840,32768,0,0,6933,2181,8900,0,12288,113598464,40960,0,0,18446744073709551615,18446744073709551615,106496,113545216,94371840,32768,0,0,6933,2181,8900,0,12288,113598464,40960,0,0
2014-12-04T21:23:33.263581079Z,106496,113545216,94371840,32768,0,0,6933,2181,8900,0,12288,113598464,40960,0,0,18446744073709551615,18446744073709551615,106496,113545216,94371840,32768,0,0,6933,2181,8900,0,12288,113598464,40960,0,0
2014-12-04T21:23:34.583274151Z,106496,113545216,94371840,32768,0,0,6933,2181,8900,0,12288,113598464,40960,0,0,18446744073709551615,18446744073709551615,106496,113545216,94371840,32768,0,0,6933,2181,8900,0,12288,113598464,40960,0,0
2014-12-04T21:23:35.351194647Z,106496,113545216,94371840,32768,0,0,6933,2181,8900,0,12288,113598464,40960,0,0,18446744073709551615,18446744073709551615,106496,113545216,94371840,32768,0,0,6933,2181,8900,0,12288,113598464,40960,0,0
2014-12-04T21:23:36.370008413Z,106496,113545216,94371840,32768,0,0,6933,2181,8900,0,12288,113598464,40960,0,0,18446744073709551615,18446744073709551615,106496,113545216,94371840,32768,0,0,6933,2181,8900,0,12288,113598464,40960,0,0
2014-12-04T21:23:37.645312064Z,106496,113545216,94371840,32768,0,0,6933,2181,8900,0,12288,113598464,40960,0,0,18446744073709551615,18446744073709551615,106496,113545216,94371840,32768,0,0,6933,2181,8900,0,12288,113598464,40960,0,0
2014-12-04T21:23:38.399897308Z,106496,113545216,94371840,32768,0,0,6933,2181,8900,0,12288,113598464,40960,0,0,18446744073709551615,18446744073709551615,106496,113545216,94371840,32768,0,0,6933,2181,8900,0,12288,113598464,40960,0,0
2014-12-04T21:23:39.417137918Z,106496,113545216,94371840,32768,0,0,6933,2181,8900,0,12288,113598464,40960,0,0,18446744073709551615,18446744073709551615,106496,113545216,94371840,32768,0,0,6933,2181,8900,0,12288,113598464,40960,0,0
2014-12-04T21:23:40.830972089Z,106496,113545216,94371840,32768,0,0,6933,2181,8900,0,12288,113598464,40960,0,0,18446744073709551615,18446744073709551615,106496,113545216,94371840,32768,0,0,6933,2181,8900,0,12288,113598464,40960,0,0
2014-12-04T21:23:41.795294538Z,106496,113545216,94371840,32768,0,0,6933,2181,8900,0,12288,113598464,40960,0,0,18446744073709551615,18446744073709551615,106496,113545216,94371840,32768,0,0,6933,2181,8900,0,12288,113598464,40960,0,0
2014-12-04T21:23:42.488555479Z,106496,113545216,94371840,32768,0,0,6933,2181,8900,0,12288,113598464,40960,0,0,18446744073709551615,18446744073709551615,106496,113545216,94371840,32768,0,0,6933,2181,8900,0,12288,113598464,40960,0,0
2014-12-04T21:23:43.505913507Z,106496,113545216,94371840,32768,0,0,6933,2181,8900,0,12288,113598464,40960,0,0,18446744073709551615,18446744073709551615,106496,113545216,94371840,32768,0,0,6933,2181,8900,0,12288,113598464,40960,0,0
2014-12-04T21:23:44.545427935Z,106496,113545216,94371840,32768,0,0,6933,2181,8900,0,12288,113598464,40960,0,0,18446744073709551615,18446744073709551615,106496,113545216,94371840,32768,0,0,6933,2181,8900,0,12288,113598464,40960,0,0
2014-12-04T21:23:45.560873986Z,106496,113545216,94371840,32768,0,0,6933,2181,8900,0,12288,113598464,40960,0,0,18446744073709551615,18446744073709551615,106496,113545216,94371840,32768,0,0,6933,2181,8900,0,12288,113598464,40960,0,0
2014-12-04T21:23:46.895367322Z,106496,113545216,94371840,32768,0,0,6933,2181,8900,0,12288,113598464,40960,0,0,18446744073709551615,18446744073709551615,106496,113545216,94371840,32768,0,0,6933,2181,8900,0,12288,113598464,40960,0,0
2014-12-04T21:23:47.605386216Z,106496,113545216,94371840,32768,0,0,6933,2181,8900,0,12288,113598464,40960,0,0,18446744073709551615,18446744073709551615,106496,113545216,94371840,32768,0,0,6933,2181,8900,0,12288,113598464,40960,0,0
2014-12-04T21:23:48.628194484Z,106496,113545216,94371840,32768,0,0,6933,2181,8900,0,12288,113598464,40960,0,0,18446744073709551615,18446744073709551615,106496,113545216,94371840,32768,0,0,6933,2181,8900,0,12288,113598464,40960,0,0
2014-12-04T21:23:49.650595658Z,106496,113545216,94371840,32768,0,0,6933,2181,8900,0,12288,113598464,40960,0,0,18446744073709551615,18446744073709551615,106496,113545216,94371840,32768,0,0,6933,2181,8900,0,12288,113598464,40960,0,0
2014-12-04T21:23:50.662042542Z,106496,113545216,94371840,32768,0,0,6933,2181,8902,0,12288,113598464,40960,0,0,18446744073709551615,18446744073709551615,106496,113545216,94371840,32768,0,0,6933,2181,8902,0,12288,113598464,40960,0,0
2014-12-04T21:23:51.684260336Z,106496,113545216,94371840,32768,0,0,6933,2181,8902,0,12288,113598464,40960,0,0,18446744073709551615,18446744073709551615,106496,113545216,94371840,32768,0,0,6933,2181,8902,0,12288,113598464,40960,0,0
2014-12-04T21:23:52.699694665Z,106496,113545216,94371840,32768,0,0,6933,2181,8902,0,12288,113598464,40960,0,0,18446744073709551615,18446744073709551615,106496,113545216,94371840,32768,0,0,6933,2181,8902,0,12288,113598464,40960,0,0
2014-12-04T21:23:53.730403066Z,106496,113545216,94371840,32768,0,0,6933,2181,8902,0,12288,113598464,40960,0,0,18446744073709551615,18446744073709551615,106496,113545216,94371840,32768,0,0,6933,2181,8902,0,12288,113598464,40960,0,0
2014-12-04T21:23:54.740396631Z,106496,113545216,94371840,32768,0,0,6933,2181,8902,0,12288,113598464,40960,0,0,18446744073709551615,18446744073709551615,106496,113545216,94371840,32768,0,0,6933,2181,8902,0,12288,113598464,40960,0,0
2014-12-04T21:23:55.793445754Z,106496,113545216,94371840,32768,0,0,6933,2181,8902,0,12288,113598464,40960,0,0,18446744073709551615,18446744073709551615,106496,113545216,94371840,32768,0,0,6933,2181,8902,0,12288,113598464,40960,0,0
2014-12-04T21:23:56.807041466Z,106496,113545216,94371840,32768,0,0,6933,2181,8902,0,12288,113598464,40960,0,0,18446744073709551615,18446744073709551615,106496,113545216,94371840,32768,0,0,6933,2181,8902,0,12288,113598464,40960,0,0
2014-12-04T21:23:58.091867949Z,106496,113545216,94371840,32768,0,0,6933,2181,8902,0,12288,113598464,40960,0,0,18446744073709551615,18446744073709551615,106496,113545216,94371840,32768,0,0,6933,2181,8902,0,12288,113598464,40960,0,0
2014-12-04T21:23:58.836897175Z,106496,113545216,94371840,32768,0,0,6933,2181,8902,0,12288,113598464,40960,0,0,18446744073709551615,18446744073709551615,106496,113545216,94371840,32768,0,0,6933,2181,8902,0,12288,113598464,40960,0,0
2014-12-04T21:23:59.849471906Z,106496,113545216,94371840,32768,0,0,6933,2181,8902,0,12288,113598464,40960,0,0,18446744073709551615,18446744073709551615,106496,113545216,94371840,32768,0,0,6933,2181,8902,0,12288,113598464,40960,0,0
2014-12-04T21:24:00.853475602Z,106496,113545216,94371840,32768,0,0,6933,2181,8902,0,12288,113598464,40960,0,0,18446744073709551615,18446744073709551615,106496,113545216,94371840,32768,0,0,6933,2181,8902,0,12288,113598464,40960,0,0
2014-12-04T21:24:01.889572833Z,106496,113545216,94371840,32768,0,0,6933,2181,8902,0,12288,113598464,40960,0,0,18446744073709551615,18446744073709551615,106496,113545216,94371840,32768,0,0,6933,2181,8902,0,12288,113598464,40960,0,0
2014-12-04T21:24:03.216413713Z,106496,113545216,94371840,32768,0,0,6933,2181,8902,0,12288,113598464,40960,0,0,18446744073709551615,18446744073709551615,106496,113545216,94371840,32768,0,0,6933,2181,8902,0,12288,113598464,40960,0,0
2014-12-04T21:24:03.909097206Z,106496,124989440,104857600,32768,0,0,7172,2181,9153,0,12288,125022208,40960,0,0,18446744073709551615,18446744073709551615,106496,124989440,104857600,32768,0,0,7172,2181,9153,0,12288,125022208,40960,0,0
2014-12-04T21:24:05.816119865Z,151552,154718208,130023424,32768,0,0,8822,2694,11955,0,12288,154767360,65536,16384,0,18446744073709551615,18446744073709551615,151552,154718208,130023424,32768,0,0,8822,2694,11955,0,12288,154767360,65536,16384,0
2014-12-04T21:24:05.979783992Z,868352,224366592,130023424,360448,0,0,28731,5423,39543,0,335872,224407552,233472,204800,0,18446744073709551615,18446744073709551615,868352,224374784,130023424,360448,0,0,28732,5423,39544,0,335872,224464896,233472,204800,0
2014-12-04T21:24:07.032418990Z,1896448,286789632,142606336,622592,0,0,45003,9271,61278,0,720896,286851072,667648,405504,0,18446744073709551615,18446744073709551615,1896448,286789632,142606336,622592,0,0,45003,9271,61278,0,720896,286851072,667648,405504,0
2014-12-04T21:24:08.785739598Z,5541888,293425152,134217728,4292608,0,0,55155,14869,73460,0,4268032,293527552,643072,528384,0,18446744073709551615,18446744073709551615,5541888,293425152,134217728,4292608,0,0,55155,14869,73460,0,4268032,293527552,643072,528384,0
2014-12-04T21:24:09.061834346Z,5242880,310919168,144703488,3702784,0,0,60322,18393,79069,0,3219456,310968320,1175552,745472,0,18446744073709551615,18446744073709551615,5242880,310919168,144703488,3702784,0,0,60322,18393,79069,0,3219456,310968320,1175552,745472,0
2014-12-04T21:24:10.088018111Z,4001792,323928064,146800640,1474560,0,0,68412,25143,87486,0,1077248,324030464,2076672,745472,0,18446744073709551615,18446744073709551615,4001792,323928064,146800640,1474560,0,0,68412,25143,87486,0,1077248,324030464,2076672,745472,0
2014-12-04T21:24:11.102616209Z,7106560,333021184,146800640,3293184,0,0,79615,33368,98585,0,3227648,333103104,3018752,753664,0,18446744073709551615,18446744073709551615,7106560,333021184,146800640,3293184,0,0,79615,33368,98585,0,3227648,333103104,3018752,753664,0
2014-12-04T21:24:12.115813379Z,25841664,339546112,140509184,21475328,0,0,93175,39739,112148,0,21032960,339656704,3932160,765952,0,18446744073709551615,18446744073709551615,25841664,339546112,140509184,21475328,0,0,93175,39739,112148,0,21032960,339656704,3932160,765952,0
2014-12-04T21:24:13.122382835Z,49319936,277954560,142606336,46788608,0,0,109388,65768,128571,0,46735360,278065152,2052096,421888,0,18446744073709551615,18446744073709551615,49319936,277954560,142606336,46788608,0,0,109388,65768,128571,0,46735360,278065152,2052096,421888,0
2014-12-04T21:24:14.170291385Z,307200,153952256,130023424,32768,0,0,112938,109514,133161,0,12288,154054656,159744,32768,0,18446744073709551615,18446744073709551615,307200,153952256,130023424,32768,0,0,112938,109514,133161,0,12288,154054656,159744,32768,0
2014-12-04T21:24:15.401421895Z,720896,206557184,130023424,360448,0,0,128262,111894,155054,0,339968,206602240,196608,81920,0,18446744073709551615,18446744073709551615,720896,206557184,130023424,360448,0,0,128262,111894,155054,0,339968,206602240,196608,81920,0
2014-12-04T21:24:16.208139996Z,1388544,251260928,136314880,622592,0,0,142126,116725,173928,0,602112,251338752,344064,339968,0,18446744073709551615,18446744073709551615,1388544,251260928,136314880,622592,0,0,142126,116725,173928,0,602112,251338752,344064,339968,0
2014-12-04T21:24:17.303709916Z,1863680,290398208,134217728,622592,0,0,157401,122329,193408,0,593920,290508800,647168,512000,0,18446744073709551615,18446744073709551615,1863680,290398208,134217728,622592,0,0,157401,122329,193408,0,593920,290508800,647168,512000,0
2014-12-04T21:24:18.239489522Z,4390912,303718400,134217728,2674688,0,0,162076,123135,198514,0,2428928,303808512,1179648,655360,0,18446744073709551615,18446744073709551615,4390912,303718400,134217728,2674688,0,0,162076,123135,198514,0,2428928,303808512,1179648,655360,0
2014-12-04T21:24:19.255892300Z,3145728,310788096,140509184,1458176,0,0,168537,130218,205398,0,1097728,310898688,1200128,737280,0,18446744073709551615,18446744073709551615,3145728,310788096,140509184,1458176,0,0,168537,130218,205398,0,1097728,310898688,1200128,737280,0
2014-12-04T21:24:20.266676278Z,3993600,321302528,140509184,1585152,0,0,174665,133572,211584,0,1286144,321413120,1859584,737280,0,18446744073709551615,18446744073709551615,3993600,321302528,140509184,1585152,0,0,174665,133572,211584,0,1286144,321413120,1859584,737280,0
2014-12-04T21:24:21.323652044Z,6336512,325435392,140509184,1839104,0,0,180006,137332,216721,0,2543616,325545984,2936832,745472,0,18446744073709551615,18446744073709551615,6336512,325435392,140509184,1839104,0,0,180006,137332,216721,0,2543616,325545984,2936832,745472,0
2014-12-04T21:24:22.370737376Z,9060352,336330752,140509184,4628480,0,0,186993,140994,223569,0,4251648,336429056,3952640,745472,0,18446744073709551615,18446744073709551615,9060352,336330752,140509184,4628480,0,0,186993,140994,223569,0,4251648,336429056,3952640,745472,0
2014-12-04T21:24:23.418794374Z,28385280,336318464,134217728,24051712,0,0,198640,146904,235521,0,23531520,336429056,3977216,765952,0,18446744073709551615,18446744073709551615,28385280,336318464,134217728,24051712,0,0,198640,146904,235521,0,23531520,336429056,3977216,765952,0
2014-12-04T21:24:24.531689834Z,32653312,364347392,146800640,28377088,0,0,205145,149612,242078,0,27758592,364457984,3989504,794624,0,18446744073709551615,18446744073709551615,32653312,364347392,146800640,28377088,0,0,205145,149612,242078,0,27758592,364457984,3989504,794624,0
2014-12-04T21:24:25.526393762Z,36253696,220577792,144703488,33406976,0,0,214057,194278,251447,0,33382400,220684288,2113536,651264,0,18446744073709551615,18446744073709551615,36253696,220577792,144703488,33406976,0,0,214057,194278,251447,0,33382400,220684288,2113536,651264,0
2014-12-04T21:24:26.595418408Z,315392,155484160,130023424,32768,0,0,214452,215762,252584,0,12288,155586560,159744,40960,0,18446744073709551615,18446744073709551615,315392,155484160,130023424,32768,0,0,214452,215762,252584,0,12288,155586560,159744,40960,0
2014-12-04T21:24:27.546350302Z,532480,180588544,132120576,196608,0,0,220974,216613,262175,0,176128,180682752,188416,65536,0,18446744073709551615,18446744073709551615,532480,180588544,132120576,196608,0,0,220974,216613,262175,0,176128,180682752,188416,65536,0
2014-12-04T21:24:28.840652337Z,876544,200540160,134217728,327680,0,0,227045,218240,269907,0,307200,200626176,286720,180224,0,18446744073709551615,18446744073709551615,876544,200540160,134217728,327680,0,0,227045,218240,269907,0,307200,200626176,286720,180224,0
2014-12-04T21:24:29.711024919Z,1200128,218423296,140509184,327680,0,0,232350,220633,277749,0,434176,218529792,405504,253952,0,18446744073709551615,18446744073709551615,1200128,218423296,140509184,327680,0,0,232350,220633,277749,0,434176,218529792,405504,253952,0
2014-12-04T21:24:30.721919005Z,1294336,242757632,136314880,495616,0,0,241243,222540,289894,0,471040,242819072,413696,303104,0,18446744073709551615,18446744073709551615,1294336,242757632,136314880,495616,0,0,241244,222540,289895,0,471040,242819072,413696,303104,0
2014-12-04T21:24:31.710601901Z,3403776,261185536,136314880,2457600,0,0,247117,223400,298132,0,2437120,261296128,442368,413696,0,18446744073709551615,18446744073709551615,3403776,261185536,136314880,2457600,0,0,247117,223400,298132,0,2437120,261296128,442368,413696,0
2014-12-04T21:24:32.753072554Z,3883008,278990848,136314880,2560000,0,0,253207,225026,305560,0,2437120,279101440,798720,536576,0,18446744073709551615,18446744073709551615,3883008,278990848,136314880,2560000,0,0,253207,225026,305560,0,2437120,279101440,798720,536576,0
2014-12-04T21:24:34.088155146Z,2306048,301207552,144703488,892928,0,0,262173,231508,316403,0,638976,301322240,925696,626688,0,18446744073709551615,18446744073709551615,2306048,301207552,144703488,892928,0,0,262173,231508,316403,0,638976,301322240,925696,626688,0
2014-12-04T21:24:34.783752238Z,5242880,318279680,142606336,3223552,4096,0,269797,233736,324875,0,3051520,318357504,1396736,679936,0,18446744073709551615,18446744073709551615,5242880,318279680,142606336,3223552,4096,0,269797,233736,324875,0,3051520,318357504,1396736,679936,0
2014-12-04T21:24:35.795017578Z,18391040,324087808,142606336,14176256,0,0,278307,237618,333199,0,14970880,324202496,2560000,729088,0,18446744073709551615,18446744073709551615,18391040,324087808,142606336,14176256,0,0,278307,237618,333199,0,14970880,324202496,2560000,729088,0
2014-12-04T21:24:36.802773521Z,16179200,327766016,140509184,13172736,0,0,283579,242532,338719,0,12517376,327888896,2719744,770048,0,18446744073709551615,18446744073709551615,16179200,327766016,140509184,13172736,0,0,283579,242532,338719,0,12517376,327888896,2719744,770048,0
2014-12-04T21:24:37.850154564Z,17920000,343166976,144703488,14041088,0,0,290302,246092,345451,0,13959168,343244800,3067904,761856,0,18446744073709551615,18446744073709551615,17920000,343166976,144703488,14041088,0,0,290302,246092,345451,0,13959168,343244800,3067904,761856,0
2014-12-04T21:24:39.249256842Z,23187456,351780864,146800640,18395136,0,0,296573,249996,351564,0,18296832,351895552,3981312,778240,0,18446744073709551615,18446744073709551615,23187456,351780864,146800640,18395136,0,0,296573,249996,351564,0,18296832,351895552,3981312,778240,0
2014-12-04T21:24:39.914605665Z,37609472,372051968,157286400,33284096,0,0,307351,254859,362378,0,32673792,372158464,4005888,790528,0,18446744073709551615,18446744073709551615,37609472,372051968,157286400,33284096,0,0,307351,254859,362378,0,32673792,372158464,4005888,790528,0
2014-12-04T21:24:40.924833255Z,41148416,324149248,153092096,36573184,0,0,311850,270700,367036,0,36253696,324284416,3731456,1028096,0,18446744073709551615,18446744073709551615,41148416,324149248,153092096,36573184,0,0,311850,270700,367036,0,36253696,324284416,3731456,1028096,0
2014-12-04T21:24:41.966204642Z,360448,153686016,130023424,32768,0,0,314281,319596,370606,0,12288,153821184,159744,53248,0,18446744073709551615,18446744073709551615,360448,153686016,130023424,32768,0,0,314281,319596,370606,0,12288,153821184,159744,53248,0
2014-12-04T21:24:43.038685235Z,360448,154562560,130023424,32768,0,0,314515,319616,371003,0,12288,154697728,159744,53248,0,18446744073709551615,18446744073709551615,360448,154562560,130023424,32768,0,0,314515,319616,371003,0,12288,154697728,159744,53248,0
2014-12-04T21:24:44.096719484Z,577536,183070720,132120576,196608,0,0,322370,320969,382630,0,176128,183205888,176128,90112,0,18446744073709551615,18446744073709551615,577536,183070720,132120576,196608,0,0,322370,320969,382630,0,176128,183205888,176128,90112,0
2014-12-04T21:24:45.036911454Z,958464,206405632,134217728,327680,0,0,328670,322501,391101,0,307200,206520320,290816,225280,0,18446744073709551615,18446744073709551615,958464,206405632,134217728,327680,0,0,328670,322501,391102,0,307200,206520320,290816,225280,0
2014-12-04T21:24:46.177351982Z,1150976,230522880,134217728,327680,0,0,338524,326420,403415,0,303104,230662144,405504,303104,0,18446744073709551615,18446744073709551615,1150976,230522880,134217728,327680,0,0,338524,326420,403415,0,303104,230662144,405504,303104,0
2014-12-04T21:24:47.602645133Z,1720320,262508544,134217728,606208,0,0,347726,327674,416113,0,483328,262635520,688128,405504,0,18446744073709551615,18446744073709551615,1720320,262508544,134217728,606208,0,0,347726,327674,416113,0,483328,262635520,688128,405504,0
2014-12-04T21:24:48.190819164Z,2162688,285614080,142606336,819200,8192,0,355432,332186,426314,0,626688,285728768,806912,581632,0,18446744073709551615,18446744073709551615,2162688,285614080,142606336,819200,8192,0,355432,332186,426314,0,626688,285728768,806912,581632,0
2014-12-04T21:24:49.195875571Z,2584576,306642944,140509184,856064,0,0,365458,336464,437745,0,598016,306790400,1183744,655360,0,18446744073709551615,18446744073709551615,2584576,306642944,140509184,856064,0,0,365458,336464,437745,0,598016,306790400,1183744,655360,0
2014-12-04T21:24:50.211661279Z,4730880,314679296,140509184,2912256,0,0,371156,339676,444172,0,2686976,314826752,1228800,667648,0,18446744073709551615,18446744073709551615,4730880,314679296,140509184,2912256,0,0,371156,339676,444172,0,2686976,314826752,1228800,667648,0
2014-12-04T21:24:51.230124692Z,7274496,325849088,140509184,4784128,0,0,376408,341580,449406,0,4415488,325996544,1982464,729088,0,18446744073709551615,18446744073709551615,7274496,325849088,140509184,4784128,0,0,376408,341580,449406,0,4415488,325996544,1982464,729088,0
2014-12-04T21:24:52.261232800Z,15511552,326807552,142606336,12402688,0,0,384843,348281,458273,0,12464128,326946816,2129920,770048,0,18446744073709551615,18446744073709551615,15511552,326807552,142606336,12402688,0,0,384843,348281,458273,0,12464128,326946816,2129920,770048,0
2014-12-04T21:24:53.302342437Z,16605184,348114944,150994944,13176832,0,0,393710,353723,467107,0,12713984,348266496,2953216,786432,0,18446744073709551615,18446744073709551615,16605184,348114944,150994944,13176832,0,0,393710,353723,467107,0,12713984,348266496,2953216,786432,0
2014-12-04T21:24:54.411613884Z,5414912,246689792,138412032,3604480,0,0,401249,386201,474667,0,3305472,246841344,1544192,413696,0,18446744073709551615,18446744073709551615,5414912,246689792,138412032,3604480,0,0,401249,386201,474667,0,3305472,246841344,1544192,413696,0
2014-12-04T21:24:55.382868133Z,14151680,247410688,134217728,11833344,0,0,408566,390187,482032,0,11526144,247562240,2052096,421888,0,18446744073709551615,18446744073709551615,14151680,247410688,134217728,11833344,0,0,408566,390187,482032,0,11526144,247562240,2052096,421888,0
2014-12-04T21:24:56.628902136Z,372736,153739264,130023424,32768,0,0,414066,420898,488642,0,12288,153886720,159744,53248,0,18446744073709551615,18446744073709551615,372736,153739264,130023424,32768,0,0,414066,420898,488642,0,12288,153886720,159744,53248,0
2014-12-04T21:24:57.525349961Z,372736,154615808,130023424,32768,0,0,414300,420918,489035,0,12288,154763264,159744,53248,0,18446744073709551615,18446744073709551615,372736,154615808,130023424,32768,0,0,414300,420918,489035,0,12288,154763264,159744,53248,0
2014-12-04T21:24:58.490284644Z,397312,164843520,132120576,32768,0,0,416879,421505,493203,0,12288,164990976,180224,57344,0,18446744073709551615,18446744073709551615,397312,164843520,132120576,32768,0,0,416879,421505,493203,0,12288,164990976,180224,57344,0
2014-12-04T21:24:59.573097565Z,651264,193683456,132120576,196608,0,0,424826,422349,504198,0,176128,193826816,180224,147456,0,18446744073709551615,18446744073709551615,651264,193683456,132120576,196608,0,0,424826,422349,504198,0,176128,193826816,180224,147456,0
2014-12-04T21:25:00.852342951Z,1232896,217309184,136314880,327680,0,0,430428,424085,511679,0,434176,217460736,409600,237568,0,18446744073709551615,18446744073709551615,1232896,217309184,136314880,327680,0,0,430428,424085,511679,0,434176,217460736,409600,237568,0
2014-12-04T21:25:01.823545208Z,1187840,233537536,134217728,327680,0,0,438835,428030,522511,0,303104,233689088,413696,319488,0,18446744073709551615,18446744073709551615,1187840,233537536,134217728,327680,0,0,438835,428030,522511,0,303104,233689088,413696,319488,0
2014-12-04T21:25:02.713071885Z,1720320,259805184,134217728,606208,0,0,446028,428680,532738,0,479232,259956736,696320,393216,0,18446744073709551615,18446744073709551615,1720320,259805184,134217728,606208,0,0,446028,428680,532738,0,479232,259956736,696320,393216,0
2014-12-04T21:25:03.730080928Z,2281472,285130752,140509184,1142784,0,0,452217,430593,540353,0,888832,288800768,729088,512000,0,18446744073709551615,18446744073709551615,2281472,285130752,140509184,1142784,0,0,452217,430593,540353,0,888832,288800768,729088,512000,0
2014-12-04T21:25:05.321492316Z,2789376,279605248,136314880,1208320,0,0,456033,434612,544518,0,978944,279756800,1077248,581632,0,18446744073709551615,18446744073709551615,2789376,279605248,136314880,1208320,0,0,456033,434612,544518,0,978944,279756800,1077248,581632,0
2014-12-04T21:25:05.825317702Z,3813376,304168960,140509184,1056768,0,0,466204,440580,556888,0,1376256,304304128,1626112,659456,0,18446744073709551615,18446744073709551615,3813376,304168960,140509184,1056768,0,0,466204,440580,556888,0,1376256,304304128,1626112,659456,0
2014-12-04T21:25:06.823070090Z,6463488,326066176,138412032,3665920,0,0,476037,443909,567761,0,3346432,326221824,2289664,671744,0,18446744073709551615,18446744073709551615,6463488,326066176,138412032,3665920,0,0,476037,443909,567761,0,3346432,326221824,2289664,671744,0
2014-12-04T21:25:07.877383473Z,16822272,346189824,150994944,13791232,0,0,486336,449832,578163,0,13316096,346337280,2568192,782336,0,18446744073709551615,18446744073709551615,16822272,346189824,150994944,13791232,0,0,486336,449832,578163,0,13316096,346337280,2568192,782336,0
2014-12-04T21:25:08.891257282Z,21118976,309579776,142606336,17428480,0,0,492383,462235,584386,0,17154048,314011648,2695168,1060864,0,18446744073709551615,18446744073709551615,21118976,309579776,142606336,17428480,0,0,492383,462235,584386,0,17154048,314011648,2695168,1060864,0
2014-12-04T21:25:09.924918382Z,12611584,240386048,134217728,684032,0,0,497645,484934,589558,0,8409088,242130944,2039808,417792,0,18446744073709551615,18446744073709551615,12611584,240386048,134217728,684032,0,0,497645,484934,589558,0,8409088,242130944,2039808,417792,0
2014-12-04T21:25:10.937286920Z,3825664,244723712,134217728,1363968,0,0,500588,488963,593220,0,1200128,244842496,2056192,417792,0,18446744073709551615,18446744073709551615,3825664,244723712,134217728,1363968,0,0,500588,488963,593220,0,1200128,244842496,2056192,417792,0
2014-12-04T21:25:11.952357539Z,5062656,266203136,134217728,2756608,0,0,507691,490520,602440,0,2433024,266346496,2056192,421888,0,18446744073709551615,18446744073709551615,5062656,266203136,134217728,2756608,0,0,507691,490520,602440,0,2433024,266346496,2056192,421888,0
2014-12-04T21:25:12.960912194Z,8880128,276992000,134217728,6426624,0,0,512423,491686,608457,0,6111232,277114880,2121728,495616,0,18446744073709551615,18446744073709551615,8880128,276992000,134217728,6426624,0,0,512423,491686,608457,0,6111232,277114880,2121728,495616,0
2014-12-04T21:25:13.983446480Z,14778368,287764480,132120576,12144640,0,0,520168,494850,617762,0,11829248,287916032,2203648,593920,0,18446744073709551615,18446744073709551615,14778368,287764480,132120576,12144640,0,0,520168,494850,617762,0,11829248,287916032,2203648,593920,0
2014-12-04T21:25:15.004075618Z,14958592,312426496,138412032,12144640,0,0,526047,496197,625083,0,11833344,312578048,2334720,638976,0,18446744073709551615,18446744073709551615,14958592,312426496,138412032,12144640,0,0,526047,496197,625083,0,11833344,312578048,2334720,638976,0
2014-12-04T21:25:16.042492757Z,15458304,321425408,134217728,12668928,0,0,532099,499419,632070,0,12341248,321581056,2281472,679936,0,18446744073709551615,18446744073709551615,15458304,321425408,134217728,12668928,0,0,532099,499419,632070,0,12341248,321581056,2281472,679936,0
2014-12-04T21:25:17.119734015Z,35975168,237481984,132120576,593920,0,0,542028,525855,642218,0,24264704,253485056,2310144,983040,0,18446744073709551615,18446744073709551615,35975168,237481984,132120576,593920,0,0,542028,525855,642218,0,24264704,253370368,2310144,983040,0
2014-12-04T21:25:18.212293435Z,1921024,236482560,134217728,606208,0,0,546152,539559,646482,0,376832,236601344,983040,409600,0,18446744073709551615,18446744073709551615,1921024,236482560,134217728,606208,0,0,546152,539559,646482,0,376832,236601344,983040,409600,0
2014-12-04T21:25:19.616572892Z,2850816,241180672,134217728,1138688,0,0,551086,543119,651606,0,1060864,241287168,1212416,413696,0,18446744073709551615,18446744073709551615,2850816,241180672,134217728,1138688,0,0,551086,543119,651606,0,1060864,241287168,1212416,413696,0
2014-12-04T21:25:20.227060809Z,5406720,267378688,134217728,2801664,0,0,560880,545893,664074,0,2777088,267530240,2007040,425984,0,18446744073709551615,18446744073709551615,5406720,267378688,134217728,2801664,0,0,560880,545893,664074,0,2777088,267530240,2007040,425984,0
2014-12-04T21:25:21.550138163Z,11649024,294932480,134217728,9179136,0,0,572881,549643,678383,0,8855552,295043072,2097152,544768,0,18446744073709551615,18446744073709551615,11649024,294932480,134217728,9179136,0,0,572881,549643,678383,0,8855552,295043072,2097152,544768,0
2014-12-04T21:25:22.956753447Z,1134592,221687808,132120576,327680,0,0,587609,585842,695972,0,303104,221839360,405504,274432,0,18446744073709551615,18446744073709551615,1134592,221687808,132120576,327680,0,0,587609,585842,695972,0,303104,221839360,405504,274432,0
2014-12-04T21:25:23.377649727Z,3338240,230645760,132120576,2342912,0,0,591218,586726,700020,0,2150400,230797312,663552,372736,0,18446744073709551615,18446744073709551615,3338240,230645760,132120576,2342912,0,0,591218,586726,700020,0,2150400,230797312,663552,372736,0
2014-12-04T21:25:24.307872795Z,1986560,236523520,134217728,856064,0,0,595044,590469,703951,0,593920,236650496,827392,409600,0,18446744073709551615,18446744073709551615,1986560,236523520,134217728,856064,0,0,595044,590469,703951,0,593920,236650496,827392,409600,0
2014-12-04T21:25:25.337739317Z,2424832,242053120,134217728,774144,0,0,600740,594708,709604,0,471040,242200576,1388544,413696,0,18446744073709551615,18446744073709551615,2424832,242053120,134217728,774144,0,0,600740,594708,709604,0,471040,242200576,1388544,413696,0
2014-12-04T21:25:26.436051063Z,14430208,246726656,132120576,12103680,8192,0,609852,599237,718731,0,11788288,246878208,2064384,425984,0,18446744073709551615,18446744073709551615,14430208,246726656,132120576,12103680,8192,0,609852,599237,718731,0,11788288,246878208,2064384,425984,0
2014-12-04T21:25:27.566406290Z,372736,153829376,130023424,32768,0,0,613623,628609,723619,0,12288,153976832,159744,53248,0,18446744073709551615,18446744073709551615,372736,153829376,130023424,32768,0,0,613623,628609,723619,0,12288,153976832,159744,53248,0
2014-12-04T21:25:28.439860947Z,372736,153829376,130023424,32768,0,0,613623,628609,723619,0,12288,153976832,159744,53248,0,18446744073709551615,18446744073709551615,372736,153829376,130023424,32768,0,0,613623,628609,723619,0,12288,153976832,159744,53248,0
2014-12-04T21:25:30.363374226Z,372736,153829376,130023424,32768,0,0,613623,628609,723620,0,12288,153976832,159744,53248,0,18446744073709551615,18446744073709551615,372736,153829376,130023424,32768,0,0,613623,628609,723620,0,12288,153976832,159744,53248,0
2014-12-04T21:25:30.499973333Z,397312,169656320,136314880,32768,0,0,616556,629205,728382,0,12288,169783296,180224,57344,0,18446744073709551615,18446744073709551615,397312,169656320,136314880,32768,0,0,616556,629205,728382,0,12288,169783296,180224,57344,0
2014-12-04T21:25:31.490484911Z,651264,197636096,136314880,196608,0,0,624895,630651,739602,0,176128,197783552,180224,147456,0,18446744073709551615,18446744073709551615,651264,197636096,136314880,196608,0,0,624895,630651,739602,0,176128,197783552,180224,147456,0
2014-12-04T21:25:32.501967887Z,1150976,223584256,140509184,327680,0,0,632421,633764,749829,0,303104,223735808,401408,294912,0,18446744073709551615,18446744073709551615,1150976,223584256,140509184,327680,0,0,632421,633764,749829,0,303104,223735808,401408,294912,0
2014-12-04T21:25:33.629507778Z,3325952,239742976,138412032,2265088,0,0,639389,635745,757853,0,2138112,239894528,667648,368640,0,18446744073709551615,18446744073709551615,3325952,239742976,138412032,2265088,0,0,639389,635745,757853,0,2138112,239894528,667648,368640,0
2014-12-04T21:25:34.584110511Z,1540096,237719552,140509184,548864,0,0,641933,640241,760692,0,303104,237871104,675840,409600,0,18446744073709551615,18446744073709551615,1540096,237719552,140509184,548864,0,0,641933,640241,760692,0,303104,237871104,675840,409600,0
2014-12-04T21:25:35.607496916Z,2150400,243019776,140509184,749568,0,0,644101,640966,762926,0,643072,243171328,946176,409600,0,18446744073709551615,18446744073709551615,2150400,243019776,140509184,749568,0,0,644101,640966,762926,0,643072,243171328,946176,409600,0
2014-12-04T21:25:36.966313162Z,2514944,247672832,140509184,868352,0,0,649070,644710,767898,0,798720,247820288,1155072,409600,0,18446744073709551615,18446744073709551615,2514944,247672832,140509184,868352,0,0,649070,644710,767898,0,798720,247820288,1155072,409600,0
2014-12-04T21:25:37.746683095Z,11116544,254717952,140509184,9129984,0,0,655105,646925,773894,0,8949760,254869504,1601536,413696,0,18446744073709551615,18446744073709551615,11116544,254717952,140509184,9129984,0,0,655105,646925,773894,0,8949760,254869504,1601536,413696,0
2014-12-04T21:25:38.697639338Z,14802944,259403776,138412032,11853824,0,0,660658,649923,780853,0,12140544,259555328,2080768,430080,0,18446744073709551615,18446744073709551615,14802944,259403776,138412032,11853824,0,0,660658,649923,780853,0,12140544,259555328,2080768,430080,0
2014-12-04T21:25:39.723477817Z,15163392,288358400,144703488,12787712,0,0,667167,650808,789500,0,12476416,288481280,2093056,442368,0,18446744073709551615,18446744073709551615,15163392,288358400,144703488,12787712,0,0,667167,650808,789500,0,12476416,288481280,2093056,442368,0
2014-12-04T21:25:40.744715623Z,15265792,214941696,140509184,12410880,0,0,672976,673494,796479,0,12386304,215150592,1961984,708608,0,18446744073709551615,18446744073709551615,15265792,214941696,140509184,12410880,0,0,672976,673494,796479,0,12386304,215150592,1961984,708608,0
2014-12-04T21:25:41.753421093Z,1155072,223522816,136314880,327680,0,0,682527,684906,808872,0,307200,223674368,397312,299008,0,18446744073709551615,18446744073709551615,1155072,223522816,136314880,327680,0,0,682527,684906,808872,0,307200,223674368,397312,299008,0
2014-12-04T21:25:42.928289258Z,3510272,250630144,136314880,2428928,0,0,691236,686422,820541,0,2306048,250777600,675840,376832,0,18446744073709551615,18446744073709551615,3510272,250630144,136314880,2428928,0,0,691236,686422,820541,0,2306048,250777600,675840,376832,0
2014-12-04T21:25:43.833281055Z,1998848,274206720,142606336,823296,0,0,698855,690698,830777,0,630784,274354176,708608,507904,0,18446744073709551615,18446744073709551615,1998848,274206720,142606336,823296,0,0,698855,690698,830777,0,630784,274354176,708608,507904,0
2014-12-04T21:25:44.906368027Z,2514944,293646336,144703488,1085440,0,0,706663,694145,840285,0,827392,293777408,962560,573440,0,18446744073709551615,18446744073709551615,2514944,293646336,144703488,1085440,0,0,706663,694145,840285,0,827392,293777408,962560,573440,0
2014-12-04T21:25:46.004095249Z,11370496,313909248,146800640,9207808,0,0,716980,697864,851779,0,9125888,314064896,1462272,626688,0,18446744073709551615,18446744073709551615,11370496,313909248,146800640,9207808,0,0,716980,697864,851779,0,9125888,314064896,1462272,626688,0
2014-12-04T21:25:47.117026707Z,17428480,316551168,140509184,14262272,0,0,723907,701134,859554,0,14757888,316702720,1835008,679936,0,18446744073709551615,18446744073709551615,17428480,316551168,140509184,14262272,0,0,723907,701134,859555,0,14757888,316702720,1835008,679936,0
2014-12-04T21:25:47.946519088Z,18075648,331198464,144703488,14970880,0,0,728985,703500,864560,0,14635008,331354112,2547712,729088,0,18446744073709551615,18446744073709551615,18075648,331198464,144703488,14970880,0,0,728985,703500,864560,0,14635008,331354112,2547712,729088,0
2014-12-04T21:25:48.970510273Z,16318464,334229504,150994944,13258752,4096,0,732162,707899,867835,0,12808192,334389248,2568192,782336,0,18446744073709551615,18446744073709551615,16318464,334229504,150994944,13258752,4096,0,732162,707899,867835,0,12808192,334389248,2568192,782336,0
2014-12-04T21:25:49.985308162Z,28971008,348250112,155189248,25575424,0,0,738770,709017,874450,0,25157632,346312704,2875392,778240,0,18446744073709551615,18446744073709551615,28971008,348250112,155189248,25575424,0,0,738770,709017,874450,0,25157632,346312704,2875392,778240,0
2014-12-04T21:25:51.180109656Z,2744320,237748224,138412032,831488,0,0,741659,742221,877353,0,942080,237903872,1236992,409600,0,18446744073709551615,18446744073709551615,2744320,237748224,138412032,831488,0,0,741659,742221,877353,0,942080,237903872,1236992,409600,0
2014-12-04T21:25:52.188315954Z,3690496,242229248,138412032,880640,0,0,747198,746435,882826,0,1081344,242384896,2039808,413696,0,18446744073709551615,18446744073709551615,3690496,242229248,138412032,880640,0,0,747198,746435,882826,0,1081344,242384896,2039808,413696,0
2014-12-04T21:25:53.083795441Z,18092032,249229312,134217728,15781888,0,0,757398,750388,893225,0,15458304,249368576,2056192,421888,0,18446744073709551615,18446744073709551615,18092032,249229312,134217728,15781888,0,0,757398,750388,893225,0,15458304,249368576,2056192,421888,0
2014-12-04T21:25:54.159247687Z,32178176,172498944,134217728,31830016,0,0,764088,774927,900678,0,31805440,216662016,159744,57344,0,18446744073709551615,18446744073709551615,32178176,172498944,134217728,31830016,0,0,764088,774927,900678,0,31805440,216662016,159744,57344,0
2014-12-04T21:25:55.328108619Z,376832,155217920,130023424,32768,0,0,764759,786559,902115,0,12288,155369472,159744,53248,0,18446744073709551615,18446744073709551615,376832,155217920,130023424,32768,0,0,764759,786559,902115,0,12288,155369472,159744,53248,0
2014-12-04T21:25:56.225478023Z,565248,174014464,130023424,196608,0,0,770036,787201,910262,0,176128,174166016,172032,65536,0,18446744073709551615,18446744073709551615,565248,174014464,130023424,196608,0,0,770036,787201,910262,0,176128,174166016,172032,65536,0
2014-12-04T21:25:57.218716299Z,847872,202317824,136314880,327680,0,0,777259,788978,919301,0,307200,202469376,204800,184320,0,18446744073709551615,18446744073709551615,847872,202317824,136314880,327680,0,0,777259,788978,919301,0,307200,202469376,204800,184320,0
2014-12-04T21:25:58.323978702Z,1155072,227328000,140509184,327680,0,0,785600,792160,930748,0,303104,227471360,397312,299008,0,18446744073709551615,18446744073709551615,1155072,227328000,140509184,327680,0,0,785600,792160,930748,0,303104,227471360,397312,299008,0
2014-12-04T21:25:59.343931211Z,1495040,235737088,140509184,430080,0,0,788324,793259,934044,0,303104,235892736,667648,368640,0,18446744073709551615,18446744073709551615,1495040,235737088,140509184,430080,0,0,788324,793259,934044,0,303104,235892736,667648,368640,0
2014-12-04T21:26:00.308254076Z,2273280,243429376,144703488,696320,0,0,792135,796024,937900,0,708608,243585024,983040,409600,0,18446744073709551615,18446744073709551615,2273280,243429376,144703488,696320,0,0,792135,796024,937900,0,708608,243585024,983040,409600,0
2014-12-04T21:26:01.810695975Z,3829760,253825024,144703488,1536000,0,0,800612,801583,946291,0,1220608,253980672,2039808,413696,0,18446744073709551615,18446744073709551615,3829760,253825024,144703488,1536000,0,0,800612,801583,946291,0,1220608,253980672,2039808,413696,0
2014-12-04T21:26:02.696662413Z,24121344,273551360,150994944,21803008,0,0,811450,805717,957311,0,21487616,273707008,2052096,425984,0,18446744073709551615,18446744073709551615,24121344,273551360,150994944,21803008,0,0,811450,805717,957311,0,21487616,273707008,2052096,425984,0
2014-12-04T21:26:03.425162177Z,376832,154279936,130023424,32768,0,0,812210,836283,959227,0,12288,154431488,159744,53248,0,18446744073709551615,18446744073709551615,376832,154279936,130023424,32768,0,0,812210,836283,959227,0,12288,154431488,159744,53248,0
2014-12-04T21:26:04.383567862Z,376832,154279936,130023424,32768,0,0,812210,836283,959227,0,12288,154431488,159744,53248,0,18446744073709551615,18446744073709551615,376832,154279936,130023424,32768,0,0,812210,836283,959227,0,12288,154431488,159744,53248,0
2014-12-04T21:26:05.510210862Z,397312,156200960,130023424,32768,0,0,812737,836336,960086,0,12288,156352512,176128,57344,0,18446744073709551615,18446744073709551615,397312,156200960,130023424,32768,0,0,812737,836336,960086,0,12288,156352512,176128,57344,0
2014-12-04T21:26:06.927262154Z,655360,183316480,130023424,196608,0,0,820781,837697,971835,0,176128,183463936,184320,143360,0,18446744073709551615,18446744073709551615,655360,183316480,130023424,196608,0,0,820781,837697,971835,0,176128,183463936,184320,143360,0
2014-12-04T21:26:07.448072828Z,987136,204443648,132120576,327680,0,0,827997,840696,981209,0,307200,204595200,290816,237568,0,18446744073709551615,18446744073709551615,987136,204443648,132120576,327680,0,0,827997,840696,981209,0,307200,204595200,290816,237568,0
2014-12-04T21:26:08.468953014Z,1155072,224489472,132120576,327680,0,0,834783,843058,990112,0,303104,224624640,397312,299008,0,18446744073709551615,18446744073709551615,1155072,224489472,132120576,327680,0,0,834783,843058,990112,0,303104,224624640,397312,299008,0
2014-12-04T21:26:09.492315803Z,3330048,229150720,132120576,2265088,0,0,836829,843435,992373,0,2138112,229306368,667648,368640,0,18446744073709551615,18446744073709551615,3330048,229150720,132120576,2265088,0,0,836829,843435,992373,0,2138112,229306368,667648,368640,0
2014-12-04T21:26:10.522695832Z,1646592,232476672,134217728,598016,0,0,839804,846519,995479,0,401408,232603648,675840,409600,0,18446744073709551615,18446744073709551615,1646592,232484864,134217728,598016,0,0,839805,846519,995480,0,401408,232603648,675840,409600,0
2014-12-04T21:26:11.545807327Z,2416640,246202368,136314880,651264,0,0,847630,851318,1003713,0,352256,246353920,1490944,417792,0,18446744073709551615,18446744073709551615,2416640,246202368,136314880,651264,0,0,847630,851318,1003713,0,352256,246353920,1490944,417792,0
2014-12-04T21:26:12.570289060Z,14958592,271982592,134217728,12038144,0,0,862147,855968,1021621,0,12279808,272130048,2080768,442368,0,18446744073709551615,18446744073709551615,14958592,271982592,134217728,12038144,0,0,862147,855968,1021621,0,12279808,272130048,2080768,442368,0
2014-12-04T21:26:13.583971757Z,15310848,299184128,138412032,12644352,0,0,870217,858333,1031319,0,12349440,299339776,2191360,614400,0,18446744073709551615,18446744073709551615,15310848,299184128,138412032,12644352,0,0,870217,858333,1031319,0,12349440,299339776,2191360,614400,0
2014-12-04T21:26:14.595796382Z,3002368,230354944,136314880,2162688,0,0,886346,894782,1050356,0,2138112,230510592,401408,307200,0,18446744073709551615,18446744073709551615,3002368,230354944,136314880,2162688,0,0,886346,894782,1050356,0,2138112,230510592,401408,307200,0
2014-12-04T21:26:15.625977895Z,1544192,237621248,138412032,491520,0,0,891812,899341,1055964,0,303104,237776896,675840,409600,0,18446744073709551615,18446744073709551615,1544192,237621248,138412032,491520,0,0,891812,899341,1055964,0,303104,237776896,675840,409600,0
2014-12-04T21:26:16.639228067Z,2768896,245551104,138412032,761856,0,0,895764,901058,1059928,0,962560,245706752,1241088,409600,0,18446744073709551615,18446744073709551615,2768896,245551104,138412032,761856,0,0,895764,901058,1059928,0,962560,245706752,1241088,409600,0
2014-12-04T21:26:17.649728830Z,22560768,266817536,140509184,20238336,0,0,913762,909543,1077957,0,19914752,266973184,2064384,425984,0,18446744073709551615,18446744073709551615,22560768,266817536,140509184,20238336,0,0,913762,909543,1077957,0,19914752,266973184,2064384,425984,0
2014-12-04T21:26:18.660113754Z,376832,158146560,132120576,32768,0,0,919387,946604,1084965,0,12288,158298112,159744,53248,0,18446744073709551615,18446744073709551615,376832,158146560,132120576,32768,0,0,919387,946604,1084965,0,12288,158298112,159744,53248,0
