2014-12-04T22:01:47.210400074Z cache,rss,rss_huge,mapped_file,writeback,swap,pgpgin,pgpgout,pgfault,pgmajfault,inactive_anon,active_anon,inactive_file,active_file,unevictable,hierarchical_memory_limit,hierarchical_memsw_limit,total_cache,total_rss,total_rss_huge,total_mapped_file,total_writeback,total_swap,total_pgpgin,total_pgpgout,total_pgfault,total_pgmajfault,total_inactive_anon,total_active_anon,total_inactive_file,total_active_file,total_unevictable
2014-12-04T22:01:47.213401438Z 114688,90558464,71303168,32768,0,0,6211,1448,8198,0,20480,90583040,40960,0,0,18446744073709551615,18446744073709551615,114688,90558464,71303168,32768,0,0,6211,1448,8198,0,20480,90583040,40960,0,0
[2014-12-04T22:01:48.217278427Z] 114688,118198272,96468992,32768,0,0,7258,1879,9300,0,16384,118255616,40960,0,0,18446744073709551615,18446744073709551615,114688,118198272,96468992,32768,0,0,7258,1879,9300,0,16384,118255616,40960,0,0
[2014-12-04T22:01:49.221176410Z] 114688,118198272,96468992,32768,0,0,7258,1879,9300,0,16384,118255616,40960,0,0,18446744073709551615,18446744073709551615,114688,118198272,96468992,32768,0,0,7258,1879,9300,0,16384,118255616,40960,0,0
[2014-12-04T22:01:50.227701129Z] 114688,118198272,96468992,32768,0,0,7258,1879,9300,0,16384,118255616,40960,0,0,18446744073709551615,18446744073709551615,114688,118198272,96468992,32768,0,0,7258,1879,9300,0,16384,118255616,40960,0,0
[2014-12-04T22:01:51.233999078Z] 114688,118198272,96468992,32768,0,0,7258,1879,9300,0,16384,118255616,40960,0,0,18446744073709551615,18446744073709551615,114688,118198272,96468992,32768,0,0,7258,1879,9300,0,16384,118255616,40960,0,0
[2014-12-04T22:01:52.237696279Z] 114688,118132736,96468992,32768,0,0,7258,1895,9300,0,16384,118190080,40960,0,0,18446744073709551615,18446744073709551615,114688,118132736,96468992,32768,0,0,7258,1895,9300,0,16384,118190080,40960,0,0
[2014-12-04T22:01:53.244502341Z] 114688,129495040,106954752,32768,0,0,7477,1895,9521,0,16384,129552384,40960,0,0,18446744073709551615,18446744073709551615,114688,129495040,106954752,32768,0,0,7477,1895,9521,0,16384,129552384,40960,0,0
[2014-12-04T22:01:54.248503071Z] 114688,129507328,106954752,32768,0,0,7480,1895,9526,0,16384,129564672,40960,0,0,18446744073709551615,18446744073709551615,114688,129507328,106954752,32768,0,0,7480,1895,9526,0,16384,129564672,40960,0,0
[2014-12-04T22:01:55.251747054Z] 114688,129507328,106954752,32768,0,0,7480,1895,9526,0,16384,129564672,40960,0,0,18446744073709551615,18446744073709551615,114688,129507328,106954752,32768,0,0,7480,1895,9526,0,16384,129564672,40960,0,0
[2014-12-04T22:01:56.257662316Z] 114688,131604480,109051904,32768,0,0,7481,1895,9527,0,16384,131661824,40960,0,0,18446744073709551615,18446744073709551615,114688,131604480,109051904,32768,0,0,7481,1895,9527,0,16384,131661824,40960,0,0
[2014-12-04T22:01:57.264949642Z] 114688,131604480,109051904,32768,0,0,7481,1895,9527,0,16384,131661824,40960,0,0,18446744073709551615,18446744073709551615,114688,131604480,109051904,32768,0,0,7481,1895,9527,0,16384,131661824,40960,0,0
[2014-12-04T22:01:58.270081819Z] 114688,131604480,109051904,32768,0,0,7481,1895,9530,0,16384,131661824,40960,0,0,18446744073709551615,18446744073709551615,114688,131604480,109051904,32768,0,0,7481,1895,9530,0,16384,131661824,40960,0,0
[2014-12-04T22:01:59.275110536Z] 114688,131604480,109051904,32768,0,0,7481,1895,9530,0,16384,131661824,40960,0,0,18446744073709551615,18446744073709551615,114688,131604480,109051904,32768,0,0,7481,1895,9530,0,16384,131661824,40960,0,0
[2014-12-04T22:02:00.281563199Z] 114688,131604480,109051904,32768,0,0,7481,1895,9530,0,16384,131661824,40960,0,0,18446744073709551615,18446744073709551615,114688,131604480,109051904,32768,0,0,7481,1895,9530,0,16384,131661824,40960,0,0
[2014-12-04T22:02:01.285570455Z] 114688,131604480,109051904,32768,0,0,7481,1895,9530,0,16384,131661824,40960,0,0,18446744073709551615,18446744073709551615,114688,131604480,109051904,32768,0,0,7481,1895,9530,0,16384,131661824,40960,0,0
[2014-12-04T22:02:02.296400979Z] 114688,131604480,109051904,32768,0,0,7481,1895,9530,0,16384,131661824,40960,0,0,18446744073709551615,18446744073709551615,114688,131604480,109051904,32768,0,0,7481,1895,9530,0,16384,131661824,40960,0,0
[2014-12-04T22:02:03.309677327Z] 4071424,134701056,111149056,32768,0,0,8740,1943,9830,0,24576,134705152,1101824,2875392,0,18446744073709551615,18446744073709551615,4071424,134701056,111149056,32768,0,0,8740,1943,9830,0,24576,134705152,1101824,2875392,0
[2014-12-04T22:02:04.550338679Z] 17207296,197595136,142606336,327680,4096,0,26160,8977,24568,0,69632,197713920,14254080,2764800,0,18446744073709551615,18446744073709551615,17207296,197595136,142606336,327680,4096,0,26160,8977,24568,0,69632,197713920,14254080,2764800,0
[2014-12-04T22:02:05.331934262Z] 17559552,197574656,140509184,331776,0,0,38976,22734,42079,0,69632,197685248,14266368,3104768,0,18446744073709551615,18446744073709551615,17559552,197574656,140509184,331776,0,0,38976,22734,42079,0,69632,197685248,14266368,3104768,0
[2014-12-04T22:02:06.340695941Z] 18345984,244387840,142606336,364544,0,0,50514,23162,54161,0,69632,244506624,12267520,5890048,0,18446744073709551615,18446744073709551615,18345984,244387840,142606336,364544,0,0,50514,23162,54161,0,69632,244506624,12267520,5890048,0
[2014-12-04T22:02:07.345518142Z] 18628608,279371776,148897792,397312,0,0,57817,23388,61951,0,73728,279453696,11714560,6721536,0,18446744073709551615,18446744073709551615,18628608,279371776,148897792,397312,0,0,57817,23388,61951,0,73728,279453696,11714560,6721536,0
[2014-12-04T22:02:08.350198188Z] 19300352,333402112,176160768,397312,0,0,68914,27773,72954,0,73728,333467648,12222464,6885376,0,18446744073709551615,18446744073709551615,19300352,333402112,176160768,397312,0,0,68914,27773,72954,0,73728,333467648,12222464,6885376,0
[2014-12-04T22:02:09.364129864Z] 19988480,345358336,174063616,397312,0,0,93775,50058,97782,0,73728,345481216,12808192,6983680,0,18446744073709551615,18446744073709551615,19988480,345358336,174063616,397312,0,0,93775,50058,97782,0,73728,345481216,12808192,6983680,0
[2014-12-04T22:02:10.372676922Z] 20254720,346701824,174063616,397312,0,0,114945,70835,118887,0,73728,346824704,13074432,6983680,0,18446744073709551615,18446744073709551615,20254720,346701824,174063616,397312,0,0,114945,70835,118887,0,73728,346824704,13074432,6983680,0
[2014-12-04T22:02:11.378887216Z] 12988416,162488320,136314880,32768,0,0,131534,124974,134777,0,8192,162611200,8851456,3993600,0,18446744073709551615,18446744073709551615,12988416,162488320,136314880,32768,0,0,131534,124974,134777,0,8192,162611200,8851456,3993600,0
[2014-12-04T22:02:12.385926281Z] 18128896,211369984,142606336,331776,0,0,159634,143973,167546,0,73728,211406848,13656064,4276224,0,18446744073709551615,18446744073709551615,18128896,211369984,142606336,331776,0,0,159634,143973,167546,0,73728,211406848,13656064,4276224,0
[2014-12-04T22:02:13.394852650Z] 19042304,266661888,146800640,397312,0,0,172669,144308,181855,0,73728,266776576,11911168,6934528,0,18446744073709551615,18446744073709551615,19042304,266661888,146800640,397312,0,0,172669,144308,181855,0,73728,266776576,11911168,6934528,0
[2014-12-04T22:02:14.398917541Z] 19537920,295354368,146800640,397312,0,0,180035,144548,189174,0,73728,295428096,11952128,7389184,0,18446744073709551615,18446744073709551615,19537920,295354368,146800640,397312,0,0,180035,144548,189174,0,73728,295428096,11952128,7389184,0
[2014-12-04T22:02:15.404151158Z] 20709376,344035328,167772160,397312,0,0,192376,150339,201248,0,73728,344158208,13012992,7499776,0,18446744073709551615,18446744073709551615,20709376,344035328,167772160,397312,0,0,192376,150339,201248,0,73728,344158208,13012992,7499776,0
[2014-12-04T22:02:16.408699258Z] 17534976,198299648,138412032,299008,0,0,219205,208413,231802,0,73728,198373376,14311424,3026944,0,18446744073709551615,18446744073709551615,17534976,198303744,138412032,299008,0,0,219206,208413,231803,0,73728,198373376,14311424,3026944,0
[2014-12-04T22:02:17.415538159Z] 18829312,271187968,146800640,397312,0,0,235348,209000,249471,0,73728,271310848,11726848,6905856,0,18446744073709551615,18446744073709551615,18829312,271187968,146800640,397312,4096,0,235349,209000,249472,0,73728,271310848,11726848,6905856,0
[2014-12-04T22:02:18.419616018Z] 19156992,291160064,150994944,397312,0,0,239338,209056,255311,0,73728,291282944,11763712,7196672,0,18446744073709551615,18446744073709551615,19156992,291160064,150994944,397312,0,0,239338,209056,255311,0,73728,291282944,11763712,7196672,0
[2014-12-04T22:02:19.426041620Z] 20537344,352493568,184549376,397312,0,0,248758,211341,265016,0,73728,352616448,12820480,7520256,0,18446744073709551615,18446744073709551615,20537344,352493568,184549376,397312,0,0,248758,211341,265016,0,73728,352616448,12820480,7520256,0
[2014-12-04T22:02:20.945870718Z] 15974400,193961984,138412032,294912,0,0,267637,259307,283256,0,73728,194007040,13099008,2678784,0,18446744073709551615,18446744073709551615,15974400,193961984,138412032,294912,0,0,267637,259307,283256,0,73728,194007040,13099008,2678784,0
[2014-12-04T22:02:21.756624888Z] 18706432,233078784,146800640,364544,0,0,288809,275372,309456,0,73728,233197568,14155776,4354048,0,18446744073709551615,18446744073709551615,18706432,233078784,146800640,364544,0,0,288809,275372,309456,0,73728,233197568,14155776,4354048,0
[2014-12-04T22:02:22.441575651Z] 19046400,272687104,146800640,397312,0,0,298618,275428,320459,0,73728,272773120,11743232,7106560,0,18446744073709551615,18446744073709551615,19046400,272687104,146800640,397312,0,0,298618,275428,320459,0,73728,272773120,11743232,7106560,0
[2014-12-04T22:02:23.447596805Z] 19623936,316821504,159383552,397312,0,0,307153,276113,329557,0,73728,316940288,12038144,7389184,0,18446744073709551615,18446744073709551615,19623936,316821504,159383552,397312,0,0,307153,276113,329557,0,73728,316940288,12038144,7389184,0
[2014-12-04T22:02:24.450994730Z] 20709376,350842880,178257920,397312,0,0,316826,282325,339110,0,73728,350965760,12963840,7548928,0,18446744073709551615,18446744073709551615,20709376,350842880,178257920,397312,0,0,316826,282325,339110,0,73728,350965760,12963840,7548928,0
[2014-12-04T22:02:25.454967989Z] 20713472,352784384,176160768,397312,0,0,325842,290866,348125,0,73728,352862208,12967936,7548928,0,18446744073709551615,18446744073709551615,20713472,352784384,176160768,397312,0,0,325842,290866,348125,0,73728,352862208,12967936,7548928,0
[2014-12-04T22:02:26.458207865Z] 15974400,194883584,138412032,294912,0,0,341878,337411,363380,0,73728,192892928,13099008,2678784,0,18446744073709551615,18446744073709551615,15974400,194883584,138412032,294912,0,0,341878,337411,363381,0,73728,192892928,13099008,2678784,0
[2014-12-04T22:02:27.464854707Z] 18706432,240517120,144703488,364544,0,0,365217,354052,391855,0,73728,240578560,14155776,4354048,0,18446744073709551615,18446744073709551615,18706432,240517120,144703488,364544,0,0,365217,354052,391855,0,73728,240578560,14155776,4354048,0
[2014-12-04T22:02:28.874966190Z] 19091456,279568384,148897792,397312,0,0,373885,354114,402316,0,73728,279691264,11714560,7180288,0,18446744073709551615,18446744073709551615,19091456,279568384,148897792,397312,0,0,373885,354114,402316,0,73728,279691264,11714560,7180288,0
[2014-12-04T22:02:29.480373470Z] 19443712,297500672,150994944,397312,0,0,378287,354563,406853,0,73728,297582592,11862016,7385088,0,18446744073709551615,18446744073709551615,19443712,297500672,150994944,397312,0,0,378287,354563,406853,0,73728,297582592,11862016,7385088,0
[2014-12-04T22:02:30.486176294Z] 20250624,339181568,174063616,397312,0,0,388698,360733,417088,0,73728,337186816,12525568,7528448,0,18446744073709551615,18446744073709551615,20250624,339181568,174063616,397312,0,0,388698,360733,417088,0,73728,337186816,12525568,7528448,0
[2014-12-04T22:02:31.497005968Z] 20836352,168652800,136314880,32768,0,0,401707,406034,430868,0,8192,168771584,13025280,7680000,0,18446744073709551615,18446744073709551615,20836352,168652800,136314880,32768,0,0,401707,406034,430868,0,8192,168771584,13025280,7680000,0
[2014-12-04T22:02:32.516019168Z] 17469440,192258048,142606336,32768,0,0,425942,429416,457608,0,8192,192368640,14319616,3018752,0,18446744073709551615,18446744073709551615,17469440,192258048,142606336,32768,0,0,425942,429416,457608,0,8192,192368640,14319616,3018752,0
[2014-12-04T22:02:33.509805541Z] 18714624,256417792,146800640,704512,0,0,440643,430704,473676,0,73728,256495616,12488704,6029312,0,18446744073709551615,18446744073709551615,18714624,256417792,146800640,704512,0,0,440643,430704,473676,0,73728,256495616,12488704,6029312,0
[2014-12-04T22:02:34.516273925Z] 19091456,287064064,153092096,397312,0,0,446743,430763,481239,0,73728,287182848,11714560,7180288,0,18446744073709551615,18446744073709551615,19091456,287064064,153092096,397312,0,0,446743,430763,481239,0,73728,287182848,11714560,7180288,0
[2014-12-04T22:02:35.521072007Z] 19738624,349036544,184549376,397312,0,0,455199,432107,489950,0,73728,349159424,12136448,7405568,0,18446744073709551615,18446744073709551615,19738624,349036544,184549376,397312,0,0,455199,432107,489950,0,73728,349159424,12136448,7405568,0
[2014-12-04T22:02:36.532588786Z] 20447232,363208704,188743680,397312,0,0,463227,437524,497874,0,73728,363331584,12750848,7499776,0,18446744073709551615,18446744073709551615,20447232,363208704,188743680,397312,0,0,463227,437524,497874,0,73728,363331584,12750848,7499776,0
[2014-12-04T22:02:37.540584024Z] 20713472,365137920,186646528,397312,0,0,468129,441379,502712,0,73728,365260800,13017088,7499776,0,18446744073709551615,18446744073709551615,20713472,365137920,186646528,397312,0,0,468129,441379,502712,0,73728,365260800,13017088,7499776,0
[2014-12-04T22:02:38.898959088Z] 17494016,213073920,142606336,327680,0,0,484355,485296,517768,0,73728,213196800,14475264,2822144,0,18446744073709551615,18446744073709551615,17494016,213073920,142606336,327680,0,0,484355,485296,517768,0,73728,213196800,14475264,2822144,0
[2014-12-04T22:02:39.570389260Z] 18706432,231251968,142606336,364544,0,0,501514,500276,540246,0,73728,231309312,14163968,4345856,0,18446744073709551615,18446744073709551615,18706432,231251968,142606336,364544,0,0,501514,500276,540246,0,73728,231309312,14163968,4345856,0
[2014-12-04T22:02:40.576445094Z] 18907136,267476992,142606336,397312,0,0,510429,500298,550455,0,73728,267583488,11788288,6922240,0,18446744073709551615,18446744073709551615,18907136,267476992,142606336,397312,0,0,510429,500298,550455,0,73728,267583488,11788288,6922240,0
[2014-12-04T22:02:41.580907247Z] 19156992,282992640,142606336,397312,0,0,514321,500341,556355,0,73728,283107328,11767808,7192576,0,18446744073709551615,18446744073709551615,19156992,282992640,142606336,397312,0,0,514321,500341,556355,0,73728,283107328,11767808,7192576,0
[2014-12-04T22:02:42.588079976Z] 19587072,326483968,163577856,397312,0,0,520277,500684,562524,0,73728,326602752,11976704,7413760,0,18446744073709551615,18446744073709551615,19587072,326483968,163577856,397312,0,0,520277,500684,562524,0,73728,326602752,11976704,7413760,0
[2014-12-04T22:02:43.599599783Z] 20332544,351735808,171966464,397312,0,0,535421,512036,577499,0,73728,351858688,12644352,7491584,0,18446744073709551615,18446744073709551615,20332544,351735808,171966464,397312,0,0,535421,512036,577499,0,73728,351858688,12644352,7491584,0
[2014-12-04T22:02:44.606500454Z] 20598784,352546816,169869312,397312,0,0,541704,517545,583714,0,73728,352616448,12910592,7491584,0,18446744073709551615,18446744073709551615,20598784,352546816,169869312,397312,0,0,541704,517545,583714,0,73728,352616448,12910592,7491584,0
[2014-12-04T22:02:45.727884774Z] 17494016,210665472,144703488,327680,0,0,560504,565610,601422,0,73728,210788352,14475264,2822144,0,18446744073709551615,18446744073709551615,17494016,210665472,144703488,327680,0,0,560504,565610,601422,0,73728,210788352,14475264,2822144,0
[2014-12-04T22:02:46.632403775Z] 17702912,209461248,140509184,331776,0,0,573653,581557,619827,0,73728,209559552,13717504,3788800,0,18446744073709551615,18446744073709551615,17702912,209461248,140509184,331776,0,0,573653,581557,619827,0,73728,209559552,13717504,3788800,0
[2014-12-04T22:02:47.656217408Z] 18333696,259854336,140509184,364544,0,0,586124,582082,633638,0,73728,259911680,11751424,6385664,0,18446744073709551615,18446744073709551615,18333696,259854336,140509184,364544,0,0,586124,582082,633638,0,73728,259911680,11751424,6385664,0
[2014-12-04T22:02:48.666573818Z] 18698240,284368896,144703488,397312,0,0,591346,582252,639831,0,73728,284467200,11763712,6737920,0,18446744073709551615,18446744073709551615,18698240,284368896,144703488,397312,0,0,591346,582252,639831,0,73728,284467200,11763712,6737920,0
[2014-12-04T22:02:49.674210586Z] 20246528,349188096,169869312,397312,0,0,603948,584783,652130,0,73728,349302784,13070336,6979584,0,18446744073709551615,18446744073709551615,20246528,349188096,169869312,397312,0,0,603948,584783,652130,0,73728,349302784,13070336,6979584,0
[2014-12-04T22:02:50.680297660Z] 17223680,210227200,148897792,327680,69632,0,618945,629845,666032,0,73728,210325504,14245888,2781184,0,18446744073709551615,18446744073709551615,17223680,210227200,148897792,327680,69632,0,618945,629845,666032,0,73728,210325504,14245888,2781184,0
[2014-12-04T22:02:51.692796993Z] 18128896,225439744,153092096,331776,0,0,634336,644367,686843,0,73728,225501184,13656064,4276224,0,18446744073709551615,18446744073709551615,18128896,225439744,153092096,331776,0,0,634336,644367,686843,0,73728,225501184,13656064,4276224,0
[2014-12-04T22:02:52.899858307Z] 18714624,259833856,150994944,364544,0,0,643538,644518,697171,0,73728,259919872,11653120,6848512,0,18446744073709551615,18446744073709551615,18714624,259833856,150994944,364544,0,0,643538,644518,697171,0,73728,259919872,11653120,6848512,0
[2014-12-04T22:02:53.706010734Z] 19152896,299225088,161480704,397312,0,0,650773,644584,705180,0,73728,299327488,11763712,7192576,0,18446744073709551615,18446744073709551615,19152896,299225088,161480704,397312,0,0,650773,644584,705180,0,73728,299327488,11763712,7192576,0
[2014-12-04T22:02:54.717247036Z] 20451328,348508160,178257920,397312,0,0,663602,649663,717987,0,73728,348590080,12750848,7503872,0,18446744073709551615,18446744073709551615,20451328,348508160,178257920,397312,0,0,663602,649663,717987,0,73728,348590080,12750848,7503872,0
[2014-12-04T22:02:55.725619632Z] 20779008,362131456,188743680,397312,0,0,671427,656637,725735,0,73728,362254336,13041664,7540736,0,18446744073709551615,18446744073709551615,20779008,362131456,188743680,397312,0,0,671427,656637,725735,0,73728,362254336,13041664,7540736,0
[2014-12-04T22:02:56.728709514Z] 20893696,360386560,184549376,397312,0,0,677238,662335,731518,0,73728,360509440,13139968,7557120,0,18446744073709551615,18446744073709551615,20893696,360386560,184549376,397312,0,0,677238,662335,731518,0,73728,360509440,13139968,7557120,0
[2014-12-04T22:02:57.735915111Z] 20901888,363507712,184549376,397312,0,0,687570,671903,741846,0,73728,363630592,13148160,7557120,0,18446744073709551615,18446744073709551615,20901888,363507712,184549376,397312,0,0,687570,671903,741846,0,73728,363630592,13148160,7557120,0
[2014-12-04T22:02:58.741668239Z] 20901888,363859968,184549376,397312,0,0,692816,677063,747093,0,73728,363982848,13148160,7557120,0,18446744073709551615,18446744073709551615,20901888,363859968,184549376,397312,0,0,692816,677063,747093,0,73728,363982848,13148160,7557120,0
[2014-12-04T22:02:59.750850987Z] 20910080,200200192,150994944,98304,0,0,698797,714822,753079,0,73728,200835072,13037568,7675904,0,18446744073709551615,18446744073709551615,20910080,200200192,150994944,98304,0,0,698797,714822,753079,0,73728,200835072,13037568,7675904,0
[2014-12-04T22:03:00.774095280Z] 18128896,221523968,153092096,331776,0,0,728041,742605,786699,0,73728,221622272,13656064,4276224,0,18446744073709551615,18446744073709551615,18128896,221523968,153092096,331776,0,0,728041,742605,786699,0,73728,221622272,13656064,4276224,0
[2014-12-04T22:03:01.797630113Z] 18706432,246628352,153092096,364544,0,0,734606,743411,793620,0,73728,246734848,14155776,4354048,0,18446744073709551615,18446744073709551615,18706432,246628352,153092096,364544,0,0,734606,743411,793620,0,73728,246734848,14155776,4354048,0
[2014-12-04T22:03:03.046744271Z] 19079168,285790208,157286400,397312,0,0,743293,743468,803231,0,73728,285913088,11739136,7143424,0,18446744073709551615,18446744073709551615,19079168,285790208,157286400,397312,0,0,743293,743468,803231,0,73728,285913088,11739136,7143424,0
[2014-12-04T22:03:03.832141765Z] 19668992,324284416,169869312,397312,0,0,750816,744515,811290,0,73728,324386816,12070912,7401472,0,18446744073709551615,18446744073709551615,19668992,324284416,169869312,397312,0,0,750816,744515,811290,0,73728,324386816,12070912,7401472,0
[2014-12-04T22:03:04.839634457Z] 20779008,360128512,192937984,397312,0,0,755493,746302,815741,0,73728,360251392,13041664,7540736,0,18446744073709551615,18446744073709551615,20779008,360128512,192937984,397312,0,0,755493,746302,815741,0,73728,360251392,13041664,7540736,0
[2014-12-04T22:03:05.845598278Z] 8110080,179097600,142606336,32768,0,0,758765,785622,819761,0,8192,179220480,5206016,2723840,0,18446744073709551615,18446744073709551615,8110080,179097600,142606336,32768,0,0,758765,785622,819761,0,8192,179220480,5206016,2723840,0
[2014-12-04T22:03:06.865331834Z] 17494016,221294592,150994944,327680,0,0,773460,789768,832724,0,73728,221417472,14475264,2822144,0,18446744073709551615,18446744073709551615,17494016,221294592,150994944,327680,0,0,773460,789768,832724,0,73728,221417472,14475264,2822144,0
[2014-12-04T22:03:07.888700229Z] 18128896,226304000,148897792,331776,0,0,787502,805498,852173,0,73728,226377728,13656064,4276224,0,18446744073709551615,18446744073709551615,18128896,226304000,148897792,331776,0,0,787502,805498,852173,0,73728,226377728,13656064,4276224,0
[2014-12-04T22:03:08.900035055Z] 18993152,279449600,150994944,397312,0,0,800199,805520,866304,0,73728,279572480,11902976,6893568,0,18446744073709551615,18446744073709551615,18993152,279449600,150994944,397312,0,0,800199,805520,866304,0,73728,279572480,11902976,6893568,0
[2014-12-04T22:03:09.907293239Z] 19009536,282329088,153092096,397312,0,0,800397,805522,866506,0,73728,282451968,11919360,6893568,0,18446744073709551615,18446744073709551615,19009536,282329088,153092096,397312,0,0,800397,805522,866506,0,73728,282451968,11919360,6893568,0
[2014-12-04T22:03:10.917786071Z] 19042304,285679616,155189248,397312,0,0,800719,805529,866827,0,73728,285802496,11907072,6938624,0,18446744073709551615,18446744073709551615,19042304,285679616,155189248,397312,0,0,800719,805529,866827,0,73728,285802496,11907072,6938624,0
[2014-12-04T22:03:11.923593732Z] 19066880,287035392,155189248,397312,0,0,801077,805550,867188,0,73728,287158272,11911168,6959104,0,18446744073709551615,18446744073709551615,19066880,287035392,155189248,397312,0,0,801077,805550,867188,0,73728,287158272,11911168,6959104,0
[2014-12-04T22:03:13.152143836Z] 19578880,320389120,167772160,397312,0,0,806523,805794,873990,0,73728,320512000,11964416,7417856,0,18446744073709551615,18446744073709551615,19578880,320389120,167772160,397312,0,0,806523,805794,873990,0,73728,320512000,11964416,7417856,0
[2014-12-04T22:03:13.975585873Z] 20312064,375992320,201326592,397312,0,0,813072,807276,880958,0,73728,376115200,12554240,7561216,0,18446744073709551615,18446744073709551615,20312064,375992320,201326592,397312,0,0,813072,807276,880958,0,73728,376115200,12554240,7561216,0
[2014-12-04T22:03:14.971162070Z] 20791296,369356800,192937984,397312,0,0,815425,809088,883196,0,73728,369479680,13017088,7577600,0,18446744073709551615,18446744073709551615,20791296,369356800,192937984,397312,0,0,815425,809088,883196,0,73728,369479680,13017088,7577600,0
[2014-12-04T22:03:15.995615299Z] 20893696,371007488,188743680,397312,0,0,820272,812485,888018,0,73728,371077120,13070336,7585792,0,18446744073709551615,18446744073709551615,20893696,371007488,188743680,397312,0,0,820272,812485,888018,0,73728,371077120,13070336,7585792,0
[2014-12-04T22:03:17.049272173Z] 20905984,372338688,195035136,397312,0,0,829525,822943,897269,0,73728,372461568,13107200,7602176,0,18446744073709551615,18446744073709551615,20905984,372338688,195035136,397312,0,0,829525,822943,897269,0,73728,372461568,13107200,7602176,0
[2014-12-04T22:03:18.020718511Z] 15630336,185982976,142606336,32768,0,0,836681,864109,902126,0,8192,186105856,12939264,2560000,0,18446744073709551615,18446744073709551615,15630336,185982976,142606336,32768,0,0,836681,864109,902126,0,8192,186105856,12939264,2560000,0
[2014-12-04T22:03:19.278630020Z] 17436672,219181056,148897792,327680,0,0,845759,866174,912560,0,81920,219303936,14409728,2822144,0,18446744073709551615,18446744073709551615,17436672,219181056,148897792,327680,0,0,845759,866174,912560,0,81920,219303936,14409728,2822144,0
[2014-12-04T22:03:20.048536254Z] 17477632,196063232,146800640,32768,0,0,852953,881046,924082,0,12288,196190208,14319616,3018752,0,18446744073709551615,18446744073709551615,17477632,196063232,146800640,32768,0,0,852953,881046,924082,0,12288,196190208,14319616,3018752,0
[2014-12-04T22:03:21.064851679Z] 17711104,235974656,148897792,331776,0,0,862375,881689,934888,0,77824,236101632,13701120,3805184,0,18446744073709551615,18446744073709551615,17711104,235974656,148897792,331776,0,0,862375,881689,934888,0,77824,236101632,13701120,3805184,0
[2014-12-04T22:03:22.068824478Z] 18575360,278261760,150994944,397312,0,0,872420,881710,945812,0,77824,278384640,11964416,6406144,0,18446744073709551615,18446744073709551615,18575360,278261760,150994944,397312,0,0,872420,881710,945812,0,77824,278384640,11964416,6406144,0
[2014-12-04T22:03:23.079851627Z] 18591744,281735168,153092096,397312,0,0,872764,881713,946166,0,77824,281862144,11980800,6406144,0,18446744073709551615,18446744073709551615,18591744,281735168,153092096,397312,0,0,872764,881713,946166,0,77824,281862144,11980800,6406144,0
[2014-12-04T22:03:24.099916510Z] 18653184,285044736,153092096,397312,0,0,873743,881869,947238,0,77824,285130752,11747328,6701056,0,18446744073709551615,18446744073709551615,18653184,285044736,153092096,397312,0,0,873743,881869,947238,0,77824,285130752,11747328,6701056,0
[2014-12-04T22:03:25.126972500Z] 19021824,303702016,157286400,397312,0,0,877387,881890,951729,0,77824,303820800,12034048,6782976,0,18446744073709551615,18446744073709551615,19021824,303702016,157286400,397312,0,0,877387,881890,951729,0,77824,303820800,12034048,6782976,0
[2014-12-04T22:03:26.127181029Z] 19456000,316059648,157286400,397312,0,0,881332,882712,956421,0,77824,316186624,12316672,6934528,0,18446744073709551615,18446744073709551615,19456000,316059648,157286400,397312,0,0,881332,882712,956421,0,77824,316186624,12316672,6934528,0
[2014-12-04T22:03:27.382055983Z] 19898368,363159552,190840832,397312,0,0,888348,887319,963345,0,77824,363286528,12734464,6959104,0,18446744073709551615,18446744073709551615,19898368,363159552,190840832,397312,0,0,888348,887319,963345,0,77824,363286528,12734464,6959104,0
[2014-12-04T22:03:28.178731889Z] 19898368,363630592,190840832,397312,0,0,888463,887319,963461,0,77824,363712512,12734464,6959104,0,18446744073709551615,18446744073709551615,19898368,363630592,190840832,397312,0,0,888463,887319,963461,0,77824,363712512,12734464,6959104,0
[2014-12-04T22:03:29.208223841Z] 19894272,363945984,190840832,397312,0,0,888541,887321,963539,0,77824,364072960,12730368,6959104,0,18446744073709551615,18446744073709551615,19894272,363945984,190840832,397312,0,0,888541,887321,963539,0,77824,364072960,12730368,6959104,0
[2014-12-04T22:03:30.227567814Z] 20152320,364167168,190840832,397312,0,0,888662,887325,963596,0,77824,364294144,12988416,6959104,0,18446744073709551615,18446744073709551615,20152320,364167168,190840832,397312,0,0,888662,887325,963596,0,77824,364294144,12988416,6959104,0
[2014-12-04T22:03:31.231533686Z] 20439040,352280576,190840832,397312,0,0,890480,891975,965487,0,77824,352407552,13254656,6979584,0,18446744073709551615,18446744073709551615,20439040,352280576,190840832,397312,0,0,890480,891975,965487,0,77824,352407552,13254656,6979584,0
[2014-12-04T22:03:32.251646668Z] 20439040,352542720,190840832,397312,0,0,891277,892708,966284,0,77824,352649216,13254656,6979584,0,18446744073709551615,18446744073709551615,20439040,352542720,190840832,397312,0,0,891277,892708,966284,0,77824,352649216,13254656,6979584,0
[2014-12-04T22:03:33.296177285Z] 11980800,182075392,144703488,32768,0,0,894228,928100,969131,0,8192,182206464,8105984,3735552,0,18446744073709551615,18446744073709551615,11980800,182075392,144703488,32768,0,0,894228,928100,969131,0,8192,182206464,8105984,3735552,0
[2014-12-04T22:03:34.691994378Z] 15986688,206405632,144703488,294912,0,0,904941,931895,979522,0,73728,206536704,13123584,2658304,0,18446744073709551615,18446744073709551615,15986688,206405632,144703488,294912,0,0,904941,931895,979522,0,73728,206536704,13123584,2658304,0
[2014-12-04T22:03:35.420193874Z] 17399808,226463744,150994944,294912,0,0,909042,932798,983523,0,73728,226594816,14401536,2793472,0,18446744073709551615,18446744073709551615,17399808,226463744,150994944,294912,0,0,909042,932798,983523,0,73728,226594816,14401536,2793472,0
[2014-12-04T22:03:36.402922548Z] 17514496,186761216,144703488,32768,0,0,911388,944809,988509,0,8192,186892288,14319616,3055616,0,18446744073709551615,18446744073709551615,17514496,186761216,144703488,32768,0,0,911388,944809,988509,0,8192,186892288,14319616,3055616,0
[2014-12-04T22:03:37.439080284Z] 17477632,201809920,144703488,233472,0,0,916801,946557,995776,0,8192,201912320,14311424,3026944,0,18446744073709551615,18446744073709551615,17477632,201809920,144703488,233472,0,0,916801,946557,995776,0,8192,201912320,14311424,3026944,0
[2014-12-04T22:03:38.480325344Z] 18288640,236118016,153092096,364544,0,0,923465,947202,1002988,0,73728,236150784,14233600,3850240,0,18446744073709551615,18446744073709551615,18288640,236118016,153092096,364544,0,0,923465,947202,1002988,0,73728,236150784,14233600,3850240,0
[2014-12-04T22:03:39.492535145Z] 18296832,262037504,153092096,847872,0,0,929791,947709,1009860,0,73728,262168576,13443072,4648960,0,18446744073709551615,18446744073709551615,18296832,262037504,153092096,847872,0,0,929791,947709,1009860,0,73728,262168576,13443072,4648960,0
[2014-12-04T22:03:40.517016801Z] 18591744,284139520,155189248,397312,0,0,934762,947723,1016241,0,73728,284270592,11980800,6406144,0,18446744073709551615,18446744073709551615,18591744,284139520,155189248,397312,0,0,934762,947723,1016241,0,73728,284270592,11980800,6406144,0
[2014-12-04T22:03:41.560816997Z] 18604032,285044736,155189248,397312,0,0,934997,947734,1016477,0,73728,285175808,11968512,6430720,0,18446744073709551615,18446744073709551615,18604032,285044736,155189248,397312,0,0,934997,947734,1016477,0,73728,285175808,11968512,6430720,0
[2014-12-04T22:03:42.608362328Z] 18743296,298672128,157286400,397312,0,0,938014,947901,1020293,0,73728,298799104,11767808,6770688,0,18446744073709551615,18446744073709551615,18743296,298672128,157286400,397312,0,0,938014,947901,1020293,0,73728,298799104,11767808,6770688,0
[2014-12-04T22:03:43.801005372Z] 19341312,322269184,165675008,397312,0,0,942741,948765,1025308,0,73728,322400256,12279808,6856704,0,18446744073709551615,18446744073709551615,19341312,322269184,165675008,397312,0,0,942741,948765,1025308,0,73728,322400256,12279808,6856704,0
[2014-12-04T22:03:44.721455313Z] 19918848,360452096,188743680,397312,0,0,949188,952392,1031749,0,73728,360583168,12804096,6909952,0,18446744073709551615,18446744073709551615,19918848,360452096,188743680,397312,0,0,949188,952392,1031749,0,73728,360583168,12804096,6909952,0
[2014-12-04T22:03:45.713773111Z] 19918848,360472576,188743680,397312,0,0,949193,952392,1031754,0,73728,360603648,12804096,6909952,0,18446744073709551615,18446744073709551615,19918848,360472576,188743680,397312,0,0,949193,952392,1031754,0,73728,360603648,12804096,6909952,0
[2014-12-04T22:03:46.729087608Z] 19918848,361017344,190840832,397312,0,0,951206,954783,1033767,0,73728,361148416,12804096,6909952,0,18446744073709551615,18446744073709551615,19918848,361017344,190840832,397312,0,0,951206,954783,1033767,0,73728,361148416,12804096,6909952,0
[2014-12-04T22:03:47.755745357Z] 19918848,358744064,186646528,397312,0,0,957953,961063,1040562,0,73728,358821888,12804096,6909952,0,18446744073709551615,18446744073709551615,19918848,358744064,186646528,397312,0,0,957953,961063,1040562,0,73728,358821888,12804096,6909952,0
[2014-12-04T22:03:48.779488048Z] 19931136,350416896,190840832,397312,0,0,961999,968161,1044699,0,73728,350511104,12816384,6909952,0,18446744073709551615,18446744073709551615,19931136,350416896,190840832,397312,0,0,961999,968161,1044699,0,73728,350511104,12816384,6909952,0
[2014-12-04T22:03:49.788473453Z] 20459520,353116160,184549376,397312,0,0,967355,971707,1049925,0,73728,353247232,13299712,6955008,0,18446744073709551615,18446744073709551615,20459520,353116160,184549376,397312,0,0,967355,971707,1049925,0,73728,353247232,13299712,6955008,0
[2014-12-04T22:03:50.815457441Z] 20467712,276488192,155189248,397312,0,0,972429,988333,1055000,0,73728,281169920,13291520,6971392,0,18446744073709551615,18446744073709551615,20467712,276488192,155189248,397312,0,0,972429,988333,1055000,0,73728,281169920,13291520,6971392,0
[2014-12-04T22:03:51.857365264Z] 15638528,177508352,142606336,32768,0,0,978652,1016834,1058496,0,8192,177639424,12939264,2560000,0,18446744073709551615,18446744073709551615,15638528,177508352,142606336,32768,0,0,978652,1016834,1058496,0,8192,177639424,12939264,2560000,0
[2014-12-04T22:03:52.869556757Z] 15953920,204779520,148897792,294912,0,0,985628,1019119,1067668,0,73728,204910592,13099008,2650112,0,18446744073709551615,18446744073709551615,15953920,204779520,148897792,294912,0,0,985628,1019119,1067668,0,73728,204910592,13099008,2650112,0
[2014-12-04T22:03:53.871314007Z] 17465344,216498176,148897792,327680,0,0,989195,1019456,1070956,0,73728,216612864,14446592,2813952,0,18446744073709551615,18446744073709551615,17465344,216498176,148897792,327680,0,0,989195,1019456,1070956,0,73728,216612864,14446592,2813952,0
[2014-12-04T22:03:54.886752828Z] 17477632,190308352,146800640,32768,0,0,995423,1033097,1081171,0,8192,190439424,14319616,3018752,0,18446744073709551615,18446744073709551615,17477632,190308352,146800640,32768,0,0,995423,1033097,1081171,0,8192,190439424,14319616,3018752,0
[2014-12-04T22:03:55.897618539Z] 18137088,226287616,150994944,331776,0,0,1003691,1033953,1090784,0,73728,226418688,13656064,4276224,0,18446744073709551615,18446744073709551615,18137088,226287616,150994944,331776,0,0,1003691,1033953,1090784,0,73728,226418688,13656064,4276224,0
[2014-12-04T22:03:56.902183219Z] 18698240,236093440,150994944,364544,0,0,1006227,1033958,1093567,0,73728,236175360,14139392,4354048,0,18446744073709551615,18446744073709551615,18698240,236093440,150994944,364544,0,0,1006227,1033958,1093567,0,73728,236175360,14139392,4354048,0
[2014-12-04T22:03:57.912265456Z] 18722816,269459456,155189248,364544,0,0,1013360,1033961,1101641,0,73728,269500416,11669504,6848512,0,18446744073709551615,18446744073709551615,18722816,269459456,155189248,364544,0,0,1013360,1033961,1101641,0,73728,269500416,11669504,6848512,0
[2014-12-04T22:03:58.918136974Z] 19017728,286355456,161480704,397312,0,0,1016038,1033975,1104316,0,73728,286486528,11923456,6889472,0,18446744073709551615,18446744073709551615,19017728,286355456,161480704,397312,0,0,1016038,1033975,1104316,0,73728,286486528,11923456,6889472,0
[2014-12-04T22:03:59.942307138Z] 19128320,300187648,165675008,397312,0,0,1018482,1034037,1106916,0,73728,300306432,11722752,7200768,0,18446744073709551615,18446744073709551615,19128320,300187648,165675008,397312,0,0,1018482,1034037,1106916,0,73728,300306432,11722752,7200768,0
[2014-12-04T22:04:00.976038418Z] 19529728,313167872,165675008,397312,0,0,1021765,1034053,1110313,0,73728,313274368,11915264,7409664,0,18446744073709551615,18446744073709551615,19529728,313167872,165675008,397312,0,0,1021765,1034053,1110313,0,73728,313274368,11915264,7409664,0
[2014-12-04T22:04:02.078324617Z] 20074496,369078272,192937984,397312,0,0,1030293,1036463,1119140,0,73728,369209344,12390400,7479296,0,18446744073709551615,18446744073709551615,20074496,369078272,192937984,397312,0,0,1030293,1036463,1119140,0,73728,369209344,12390400,7479296,0
[2014-12-04T22:04:03.008313193Z] 20250624,371687424,197132288,397312,0,0,1033941,1040453,1122747,0,73728,371814400,12533760,7512064,0,18446744073709551615,18446744073709551615,20250624,371687424,197132288,397312,0,0,1033941,1040453,1122747,0,73728,371814400,12533760,7512064,0
[2014-12-04T22:04:04.040703236Z] 20250624,373108736,197132288,397312,0,0,1034289,1040454,1123096,0,73728,373239808,12533760,7512064,0,18446744073709551615,18446744073709551615,20250624,373108736,197132288,397312,0,0,1034289,1040454,1123096,0,73728,373239808,12533760,7512064,0
[2014-12-04T22:04:05.060488349Z] 20250624,366383104,186646528,397312,0,0,1039139,1044391,1127946,0,73728,366514176,12533760,7512064,0,18446744073709551615,18446744073709551615,20250624,366383104,186646528,397312,0,0,1039139,1044391,1127946,0,73728,366514176,12533760,7512064,0
[2014-12-04T22:04:06.070279317Z] 20250624,351760384,186646528,397312,0,0,1046057,1054879,1135006,0,73728,351891456,12533760,7512064,0,18446744073709551615,18446744073709551615,20250624,351760384,186646528,397312,0,0,1046057,1054879,1135006,0,73728,351891456,12533760,7512064,0
[2014-12-04T22:04:07.076555209Z] 20262912,363503616,192937984,397312,0,0,1052832,1060317,1141777,0,73728,363634688,12546048,7512064,0,18446744073709551615,18446744073709551615,20262912,363503616,192937984,397312,0,0,1052832,1060317,1141777,0,73728,363634688,12546048,7512064,0
[2014-12-04T22:04:08.082899993Z] 20262912,363790336,192937984,397312,0,0,1056411,1063826,1145356,0,73728,363921408,12546048,7512064,0,18446744073709551615,18446744073709551615,20262912,363790336,192937984,397312,0,0,1056411,1063826,1145356,0,73728,363921408,12546048,7512064,0
[2014-12-04T22:04:09.091301114Z] 20918272,359948288,192937984,397312,0,0,1059364,1067557,1148156,0,73728,360042496,13156352,7557120,0,18446744073709551615,18446744073709551615,20918272,359948288,192937984,397312,0,0,1059364,1067557,1148156,0,73728,360042496,13156352,7557120,0
[2014-12-04T22:04:10.714903310Z] 15646720,197865472,148897792,32768,0,0,1070601,1109432,1158411,0,8192,197996544,12939264,2568192,0,18446744073709551615,18446744073709551615,15646720,197865472,148897792,32768,0,0,1070601,1109432,1158411,0,8192,197996544,12939264,2568192,0
[2014-12-04T22:04:11.741643951Z] 17436672,214282240,148897792,327680,65536,0,1075351,1109737,1163328,0,73728,214413312,14413824,2818048,0,18446744073709551615,18446744073709551615,17436672,214282240,148897792,327680,65536,0,1075351,1109737,1163328,0,73728,214413312,14413824,2818048,0
[2014-12-04T22:04:12.152126821Z] 17534976,218730496,148897792,294912,0,0,1076589,1109865,1164812,0,73728,218861568,14508032,2822144,0,18446744073709551615,18446744073709551615,17534976,218730496,148897792,294912,0,0,1076589,1109865,1164812,0,73728,218861568,14508032,2822144,0
[2014-12-04T22:04:13.161999876Z] 17543168,202113024,146800640,299008,0,0,1085273,1123626,1178402,0,73728,202223616,14282752,3055616,0,18446744073709551615,18446744073709551615,17543168,202113024,146800640,299008,0,0,1085273,1123626,1178402,0,73728,202223616,14282752,3055616,0
[2014-12-04T22:04:14.212600398Z] 18288640,233168896,150994944,364544,0,0,1092198,1124320,1185642,0,73728,233263104,14233600,3850240,0,18446744073709551615,18446744073709551615,18288640,233172992,150994944,364544,0,0,1092199,1124320,1185642,0,73728,233263104,14233600,3850240,0
[2014-12-04T22:04:15.239842146Z] 18292736,247103488,150994944,364544,0,0,1095602,1124320,1189348,0,73728,247230464,14204928,3883008,0,18446744073709551615,18446744073709551615,18292736,247107584,150994944,364544,0,0,1095602,1124320,1189348,0,73728,247230464,14204928,3883008,0
[2014-12-04T22:04:16.242919314Z] 18489344,270835712,150994944,397312,0,0,1101466,1124343,1196037,0,73728,270925824,11845632,6438912,0,18446744073709551615,18446744073709551615,18489344,270835712,150994944,397312,0,0,1101466,1124343,1196037,0,73728,270925824,11845632,6438912,0
[2014-12-04T22:04:17.267152535Z] 18640896,286777344,153092096,397312,0,0,1105034,1124493,1199652,0,73728,286908416,11714560,6721536,0,18446744073709551615,18446744073709551615,18640896,286777344,153092096,397312,0,0,1105034,1124493,1199652,0,73728,286908416,11714560,6721536,0
[2014-12-04T22:04:18.292117041Z] 19148800,314200064,157286400,397312,0,0,1111186,1124848,1206122,0,73728,314322944,12148736,6795264,0,18446744073709551615,18446744073709551615,19148800,314200064,157286400,397312,0,0,1111186,1124848,1206122,0,73728,314322944,12148736,6795264,0
[2014-12-04T22:04:19.302768026Z] 20271104,368529408,188743680,397312,0,0,1119300,1127089,1214039,0,73728,368660480,13086720,6979584,0,18446744073709551615,18446744073709551615,20271104,368529408,188743680,397312,0,0,1119300,1127089,1214039,0,73728,368660480,13086720,6979584,0
[2014-12-04T22:04:20.345034800Z] 20459520,369487872,188743680,397312,0,0,1119590,1127099,1214282,0,73728,369618944,13254656,7000064,0,18446744073709551615,18446744073709551615,20459520,369487872,188743680,397312,0,0,1119590,1127099,1214282,0,73728,369618944,13254656,7000064,0
[2014-12-04T22:04:21.385348511Z] 15642624,199106560,146800640,32768,0,0,1129036,1169098,1222033,0,8192,199176192,12939264,2564096,0,18446744073709551615,18446744073709551615,15642624,199106560,146800640,32768,0,0,1129036,1169098,1222033,0,8192,199184384,12939264,2564096,0
[2014-12-04T22:04:22.389721183Z] 17235968,226074624,153092096,327680,0,0,1134805,1169427,1228752,0,73728,226205696,14249984,2781184,0,18446744073709551615,18446744073709551615,17235968,226074624,153092096,327680,0,0,1134805,1169427,1228752,0,73728,226205696,14249984,2781184,0
[2014-12-04T22:04:23.420200081Z] 17399808,233353216,153092096,294912,0,0,1136738,1170054,1230948,0,73728,233431040,14401536,2793472,0,18446744073709551615,18446744073709551615,17399808,233353216,153092096,294912,0,0,1136738,1170054,1230948,0,73728,233431040,14401536,2793472,0
[2014-12-04T22:04:24.471201661Z] 17477632,200663040,146800640,32768,0,0,1142471,1183749,1240349,0,8192,200781824,14319616,3018752,0,18446744073709551615,18446744073709551615,17477632,200663040,146800640,32768,0,0,1142471,1183749,1240349,0,8192,200781824,14319616,3018752,0
[2014-12-04T22:04:25.491923044Z] 18137088,236855296,157286400,331776,0,0,1148973,1183809,1248252,0,73728,236982272,13656064,4276224,0,18446744073709551615,18446744073709551615,18137088,236859392,157286400,331776,0,0,1148974,1183809,1248252,0,73728,236982272,13656064,4276224,0
[2014-12-04T22:04:26.517632818Z] 18137088,250974208,157286400,331776,0,0,1152421,1183810,1252107,0,73728,251105280,13639680,4292608,0,18446744073709551615,18446744073709551615,18137088,250974208,157286400,331776,0,0,1152421,1183810,1252107,0,73728,251105280,13639680,4292608,0
[2014-12-04T22:04:28.101579211Z] 18149376,274018304,157286400,331776,0,0,1158050,1183810,1258101,0,73728,274149376,11636736,6307840,0,18446744073709551615,18446744073709551615,18149376,274018304,157286400,331776,0,0,1158050,1183810,1258101,0,73728,274149376,11636736,6307840,0
[2014-12-04T22:04:28.590573173Z] 18960384,293543936,159383552,397312,0,0,1162561,1184378,1263182,0,73728,293675008,11644928,7110656,0,18446744073709551615,18446744073709551615,18960384,293543936,159383552,397312,0,0,1162561,1184378,1263182,0,73728,293675008,11644928,7110656,0
[2014-12-04T22:04:29.602536429Z] 19312640,309383168,161480704,397312,0,0,1166016,1184391,1268314,0,73728,309469184,11747328,7360512,0,18446744073709551615,18446744073709551615,19312640,309383168,161480704,397312,0,0,1166016,1184391,1268314,0,73728,309469184,11747328,7360512,0
[2014-12-04T22:04:30.626486678Z] 19927040,344920064,178257920,397312,0,0,1171396,1185544,1273843,0,73728,345051136,12275712,7446528,0,18446744073709551615,18446744073709551615,19927040,344920064,178257920,397312,0,0,1171396,1185544,1273843,0,73728,345051136,12275712,7446528,0
[2014-12-04T22:04:31.646718896Z] 20340736,373104640,195035136,397312,0,0,1175885,1187139,1279238,0,73728,373235712,12640256,7495680,0,18446744073709551615,18446744073709551615,20340736,373104640,195035136,397312,0,0,1175885,1187139,1279238,0,73728,373235712,12640256,7495680,0
[2014-12-04T22:04:32.677562323Z] 20459520,366747648,190840832,397312,0,0,1178370,1190125,1281694,0,73728,366829568,12754944,7499776,0,18446744073709551615,18446744073709551615,20459520,366747648,190840832,397312,0,0,1178370,1190125,1281694,0,73728,366829568,12754944,7499776,0
[2014-12-04T22:04:33.729391333Z] 20725760,374435840,197132288,397312,0,0,1179400,1190746,1282657,0,73728,374566912,13021184,7499776,0,18446744073709551615,18446744073709551615,20725760,374435840,197132288,397312,0,0,1179400,1190746,1282657,0,73728,374566912,13021184,7499776,0
[2014-12-04T22:04:34.790917572Z] 20725760,374939648,199229440,397312,0,0,1181833,1193567,1285090,0,73728,375070720,13021184,7499776,0,18446744073709551615,18446744073709551615,20725760,374939648,199229440,397312,0,0,1181833,1193567,1285090,0,73728,375070720,13021184,7499776,0
[2014-12-04T22:04:35.816023767Z] 20725760,371830784,199229440,397312,0,0,1182110,1194603,1285417,0,73728,371961856,13021184,7499776,0,18446744073709551615,18446744073709551615,20725760,371830784,199229440,397312,0,0,1182110,1194603,1285417,0,73728,371961856,13021184,7499776,0
[2014-12-04T22:04:36.790096456Z] 20914176,299581440,174063616,397312,0,0,1182923,1206877,1286279,0,73728,300126208,13193216,7516160,0,18446744073709551615,18446744073709551615,20914176,299581440,174063616,397312,0,0,1182923,1206877,1286279,0,73728,300126208,13193216,7516160,0
[2014-12-04T22:04:37.853550508Z] 15642624,187834368,144703488,32768,0,0,1191618,1236987,1293191,0,8192,187965440,12939264,2564096,0,18446744073709551615,18446744073709551615,15642624,187834368,144703488,32768,0,0,1191618,1236987,1293191,0,8192,187965440,12939264,2564096,0
[2014-12-04T22:04:39.297428983Z] 17305600,218550272,148897792,327680,0,0,1198836,1237833,1301489,0,73728,218681344,14315520,2785280,0,18446744073709551615,18446744073709551615,17305600,218550272,148897792,327680,0,0,1198836,1237833,1301489,0,73728,218681344,14315520,2785280,0
[2014-12-04T22:04:40.070064496Z] 17514496,187760640,144703488,32768,0,0,1202493,1248445,1307885,0,8192,187863040,14319616,3055616,0,18446744073709551615,18446744073709551615,17514496,187760640,144703488,32768,0,0,1202493,1248445,1307886,0,8192,187863040,14319616,3055616,0
[2014-12-04T22:04:40.878796759Z] 18137088,225316864,153092096,331776,0,0,1211976,1250651,1319948,0,73728,225447936,13651968,4280320,0,18446744073709551615,18446744073709551615,18137088,225316864,153092096,331776,0,0,1211976,1250651,1319948,0,73728,225447936,13651968,4280320,0
[2014-12-04T22:04:41.901382980Z] 18714624,244457472,155189248,364544,0,0,1216288,1250660,1324590,0,73728,244584448,14155776,4354048,0,18446744073709551615,18446744073709551615,18714624,244457472,155189248,364544,0,0,1216288,1250660,1324590,0,73728,244584448,14155776,4354048,0
[2014-12-04T22:04:42.910416098Z] 18731008,270409728,155189248,507904,0,0,1222633,1250665,1331773,0,73728,270540800,11800576,6725632,0,18446744073709551615,18446744073709551615,18731008,270409728,155189248,507904,0,0,1222633,1250665,1331773,0,73728,270540800,11800576,6725632,0
[2014-12-04T22:04:43.918284590Z] 19087360,289501184,157286400,397312,0,0,1226917,1251223,1336461,0,73728,289595392,11739136,7143424,0,18446744073709551615,18446744073709551615,19087360,289501184,157286400,397312,0,0,1226917,1251223,1336461,0,73728,289595392,11739136,7143424,0
[2014-12-04T22:04:44.953856545Z] 19165184,301862912,157286400,397312,0,0,1229963,1251232,1340445,0,73728,301969408,11763712,7196672,0,18446744073709551615,18446744073709551615,19165184,301862912,157286400,397312,0,0,1229963,1251232,1340445,0,73728,301969408,11763712,7196672,0
[2014-12-04T22:04:46.046630672Z] 19595264,324722688,165675008,397312,0,0,1234206,1251833,1344763,0,73728,324853760,11972608,7417856,0,18446744073709551615,18446744073709551615,19595264,324722688,165675008,397312,0,0,1234206,1251833,1344763,0,73728,324853760,11972608,7417856,0
[2014-12-04T22:04:46.999932149Z] 20070400,366243840,192937984,397312,0,0,1239040,1253568,1349487,0,73728,366354432,12419072,7446528,0,18446744073709551615,18446744073709551615,20070400,366243840,192937984,397312,0,0,1239040,1253568,1349487,0,73728,366354432,12419072,7446528,0
[2014-12-04T22:04:48.539950895Z] 20725760,372699136,195035136,397312,0,0,1240290,1253593,1350705,0,73728,372813824,13021184,7499776,0,18446744073709551615,18446744073709551615,20725760,372699136,195035136,397312,0,0,1240290,1253593,1350705,0,73728,372813824,13021184,7499776,0
[2014-12-04T22:04:49.099217573Z] 5435392,183619584,144703488,32768,0,0,1241182,1292116,1352650,0,8192,183750656,4702208,593920,0,18446744073709551615,18446744073709551615,5435392,183619584,144703488,32768,0,0,1241182,1292116,1352650,0,8192,183750656,4702208,593920,0
[2014-12-04T22:04:50.139459053Z] 15917056,213422080,150994944,294912,0,0,1253328,1296471,1363362,0,73728,213553152,13066240,2646016,0,18446744073709551615,18446744073709551615,15917056,213422080,150994944,294912,0,0,1253328,1296471,1363362,0,73728,213553152,13066240,2646016,0
[2014-12-04T22:04:51.143644034Z] 17399808,228577280,150994944,294912,0,0,1257788,1296869,1367733,0,73728,228704256,14401536,2793472,0,18446744073709551615,18446744073709551615,17399808,228577280,150994944,294912,0,0,1257788,1296869,1367733,0,73728,228704256,14401536,2793472,0
[2014-12-04T22:04:52.177742858Z] 17477632,199802880,144703488,32768,0,0,1264667,1310243,1378890,0,8192,199909376,14319616,3018752,0,18446744073709551615,18446744073709551615,17477632,199802880,144703488,32768,0,0,1264667,1310243,1378890,0,8192,199909376,14319616,3018752,0
[2014-12-04T22:04:53.193198421Z] 18137088,237383680,155189248,331776,0,0,1271755,1310550,1386924,0,73728,237514752,13656064,4276224,0,18446744073709551615,18446744073709551615,18137088,237383680,155189248,331776,0,0,1271755,1310550,1386924,0,73728,237514752,13656064,4276224,0
[2014-12-04T22:04:54.210657237Z] 18714624,250802176,155189248,364544,0,0,1275178,1310556,1390575,0,73728,250880000,14155776,4354048,0,18446744073709551615,18446744073709551615,18714624,250802176,155189248,364544,0,0,1275178,1310556,1390575,0,73728,250880000,14155776,4354048,0
[2014-12-04T22:04:55.227754593Z] 18898944,281718784,157286400,397312,0,0,1282278,1310574,1398587,0,73728,281849856,11780096,6914048,0,18446744073709551615,18446744073709551615,18898944,281718784,157286400,397312,0,0,1282278,1310574,1398587,0,73728,281849856,11780096,6914048,0
[2014-12-04T22:04:56.250362973Z] 19099648,291237888,155189248,397312,0,0,1285199,1311122,1402016,0,73728,291344384,11747328,7147520,0,18446744073709551615,18446744073709551615,19099648,291237888,155189248,397312,0,0,1285199,1311122,1402016,0,73728,291344384,11747328,7147520,0
[2014-12-04T22:04:57.269379350Z] 19505152,300711936,155189248,397312,0,0,1287625,1311136,1405660,0,73728,300843008,11907072,7393280,0,18446744073709551615,18446744073709551615,19505152,300711936,155189248,397312,0,0,1287625,1311136,1405660,0,73728,300843008,11907072,7393280,0
[2014-12-04T22:04:58.354574111Z] 19701760,326225920,163577856,397312,0,0,1292385,1311663,1410581,0,73728,326336512,12075008,7421952,0,18446744073709551615,18446744073709551615,19701760,326225920,163577856,397312,0,0,1292385,1311663,1410581,0,73728,326336512,12075008,7421952,0
[2014-12-04T22:04:59.284409015Z] 20066304,355799040,180355072,397312,0,0,1296537,1313105,1414655,0,73728,355934208,12341248,7516160,0,18446744073709551615,18446744073709551615,20066304,355799040,180355072,397312,0,0,1296537,1313105,1414655,0,73728,355934208,12341248,7516160,0
[2014-12-04T22:05:00.307112643Z] 20914176,372846592,186646528,397312,0,0,1302561,1317315,1420474,0,73728,372981760,13115392,7589888,0,18446744073709551615,18446744073709551615,20914176,372846592,186646528,397312,0,0,1302561,1317315,1420474,0,73728,372981760,13115392,7589888,0
[2014-12-04T22:05:01.361152153Z] 10039296,185278464,144703488,32768,0,0,1304507,1357489,1422925,0,8192,185413632,6619136,3231744,0,18446744073709551615,18446744073709551615,10039296,185278464,144703488,32768,0,0,1304507,1357489,1422925,0,8192,185413632,6619136,3231744,0
[2014-12-04T22:05:02.536326892Z] 18317312,216379392,148897792,327680,589824,0,1316923,1361313,1433974,0,73728,216514560,14245888,3862528,0,18446744073709551615,18446744073709551615,18317312,216379392,148897792,327680,589824,0,1316923,1361313,1433974,0,73728,216514560,14245888,3862528,0
[2014-12-04T22:05:03.390278690Z] 17444864,232026112,153092096,294912,0,0,1319889,1362205,1437395,0,73728,232161280,14438400,2797568,0,18446744073709551615,18446744073709551615,17444864,232026112,153092096,294912,0,0,1319889,1362205,1437395,0,73728,232161280,14438400,2797568,0
[2014-12-04T22:05:04.409959360Z] 17547264,213671936,150994944,299008,0,0,1328114,1376930,1450541,0,73728,213753856,14311424,3026944,0,18446744073709551615,18446744073709551615,17547264,213671936,150994944,299008,0,0,1328114,1376930,1450541,0,73728,213753856,14311424,3026944,0
[2014-12-04T22:05:05.418802615Z] 18141184,236613632,153092096,331776,0,0,1333360,1376940,1456157,0,73728,236744704,13656064,4276224,0,18446744073709551615,18446744073709551615,18141184,236617728,153092096,331776,0,0,1333360,1376940,1456157,0,73728,236744704,13656064,4276224,0
[2014-12-04T22:05:06.424910788Z] 18718720,249253888,155189248,364544,0,0,1336081,1376946,1459159,0,73728,249389056,14155776,4354048,0,18446744073709551615,18446744073709551615,18718720,249253888,155189248,364544,0,0,1336081,1376946,1459159,0,73728,249389056,14155776,4354048,0
[2014-12-04T22:05:07.439825943Z] 18735104,275083264,155189248,507904,0,0,1342396,1376951,1466328,0,73728,275218432,11800576,6725632,0,18446744073709551615,18446744073709551615,18735104,275083264,155189248,507904,0,0,1342396,1376951,1466328,0,73728,275218432,11800576,6725632,0
[2014-12-04T22:05:08.440284186Z] 19091456,298999808,161480704,397312,0,0,1346840,1377002,1471177,0,73728,299126784,11739136,7143424,0,18446744073709551615,18446744073709551615,19091456,298999808,161480704,397312,0,0,1346840,1377002,1471177,0,73728,299126784,11739136,7143424,0
[2014-12-04T22:05:09.449758004Z] 19533824,306778112,161480704,397312,0,0,1348868,1377023,1474665,0,73728,306913280,11952128,7372800,0,18446744073709551615,18446744073709551615,19533824,306778112,161480704,397312,0,0,1348868,1377023,1474665,0,73728,306913280,11952128,7372800,0
[2014-12-04T22:05:10.481473299Z] 19951616,341495808,174063616,397312,0,0,1355415,1378569,1481684,0,73728,341630976,12230656,7512064,0,18446744073709551615,18446744073709551615,19951616,341495808,174063616,397312,0,0,1355415,1378569,1481684,0,73728,341630976,12230656,7512064,0
[2014-12-04T22:05:11.521948467Z] 20226048,357888000,180355072,397312,0,0,1361318,1382958,1487537,0,73728,358010880,12472320,7544832,0,18446744073709551615,18446744073709551615,20226048,357888000,180355072,397312,0,0,1361318,1382958,1487537,0,73728,358010880,12472320,7544832,0
[2014-12-04T22:05:12.542630558Z] 20393984,373731328,190840832,397312,0,0,1362685,1382971,1488862,0,73728,373866496,12619776,7565312,0,18446744073709551615,18446744073709551615,20393984,373731328,190840832,397312,0,0,1362685,1382971,1488862,0,73728,373866496,12619776,7565312,0
[2014-12-04T22:05:13.592169103Z] 20733952,376705024,195035136,397312,0,0,1365326,1385825,1491421,0,73728,376791040,12951552,7573504,0,18446744073709551615,18446744073709551615,20733952,376705024,195035136,397312,0,0,1365326,1385825,1491421,0,73728,376791040,12951552,7573504,0
[2014-12-04T22:05:15.236108595Z] 20922368,375754752,195035136,397312,0,0,1365673,1386358,1491765,0,73728,375889920,13123584,7589888,0,18446744073709551615,18446744073709551615,20922368,375754752,195035136,397312,0,0,1365673,1386358,1491765,0,73728,375889920,13123584,7589888,0
[2014-12-04T22:05:15.648319330Z] 15990784,202047488,142606336,294912,36864,0,1378773,1430296,1504552,0,73728,202182656,13123584,2658304,0,18446744073709551615,18446744073709551615,15990784,202047488,142606336,294912,36864,0,1378773,1430296,1504552,0,73728,202182656,13123584,2658304,0
[2014-12-04T22:05:16.662881995Z] 17506304,221093888,148897792,294912,0,0,1382627,1431174,1508298,0,73728,221229056,14401536,2895872,0,18446744073709551615,18446744073709551615,17506304,221093888,148897792,294912,0,0,1382627,1431174,1508298,0,73728,221229056,14401536,2895872,0
[2014-12-04T22:05:17.677536404Z] 17481728,193298432,142606336,32768,0,0,1387814,1443153,1517094,0,8192,193392640,14319616,3018752,0,18446744073709551615,18446744073709551615,17481728,193298432,142606336,32768,0,0,1387814,1443153,1517094,0,8192,193392640,14319616,3018752,0
[2014-12-04T22:05:18.711548966Z] 17780736,224419840,150994944,331776,0,0,1395287,1445510,1526198,0,73728,224518144,13774848,3796992,0,18446744073709551615,18446744073709551615,17780736,224419840,150994944,331776,0,0,1395287,1445510,1526198,0,73728,224518144,13774848,3796992,0
[2014-12-04T22:05:19.718150829Z] 18358272,247971840,155189248,364544,0,0,1400458,1445812,1531704,0,73728,248107008,14274560,3874816,0,18446744073709551615,18446744073709551615,18358272,247971840,155189248,364544,0,0,1400458,1445812,1531704,0,73728,248107008,14274560,3874816,0
[2014-12-04T22:05:20.809029613Z] 18411520,275333120,155189248,364544,0,0,1407159,1445820,1539368,0,73728,275468288,11808768,6393856,0,18446744073709551615,18446744073709551615,18411520,275333120,155189248,364544,0,0,1407159,1445820,1539368,0,73728,275468288,11808768,6393856,0
[2014-12-04T22:05:21.841859175Z] 18632704,294699008,159383552,397312,0,0,1411096,1445997,1544010,0,73728,294834176,11706368,6717440,0,18446744073709551615,18446744073709551615,18632704,294699008,159383552,397312,0,0,1411096,1445997,1544010,0,73728,294834176,11706368,6717440,0
[2014-12-04T22:05:22.887606689Z] 19038208,310607872,161480704,397312,0,0,1414787,1446216,1547835,0,73728,310743040,11988992,6840320,0,18446744073709551615,18446744073709551615,19038208,310607872,161480704,397312,0,0,1414787,1446216,1547835,0,73728,310743040,11988992,6840320,0
[2014-12-04T22:05:23.951651077Z] 19439616,364761088,197132288,397312,0,0,1419906,1447214,1552910,0,77824,364879872,12378112,6848512,0,18446744073709551615,18446744073709551615,19439616,364761088,197132288,397312,0,0,1419906,1447214,1552910,0,77824,364879872,12378112,6848512,0
[2014-12-04T22:05:25.059350802Z] 20344832,364486656,192937984,397312,0,0,1422088,1448220,1555009,0,73728,364617728,13168640,6963200,0,18446744073709551615,18446744073709551615,20344832,364486656,192937984,397312,0,0,1422088,1448220,1555009,0,73728,364617728,13168640,6963200,0
[2014-12-04T22:05:25.984244347Z] 20578304,368881664,192937984,397312,0,0,1423234,1448236,1556098,0,73728,369020928,13258752,7106560,0,18446744073709551615,18446744073709551615,20578304,368881664,192937984,397312,0,0,1423234,1448236,1556098,0,73728,369020928,13258752,7106560,0
[2014-12-04T22:05:27.009794147Z] 8785920,179417088,142606336,32768,0,0,1424904,1487288,1558666,0,8192,179556352,5627904,2998272,0,18446744073709551615,18446744073709551615,8785920,179417088,142606336,32768,0,0,1424904,1487288,1558666,0,8192,179556352,5627904,2998272,0
[2014-12-04T22:05:28.087496663Z] 15978496,206274560,146800640,229376,0,0,1436048,1491652,1568461,0,8192,206360576,13066240,2764800,0,18446744073709551615,18446744073709551615,15978496,206274560,146800640,229376,0,0,1436048,1491652,1568461,0,8192,206360576,13066240,2764800,0
[2014-12-04T22:05:29.435221324Z] 17563648,217399296,146800640,327680,0,0,1439463,1491964,1571638,0,73728,217538560,14409728,2940928,0,18446744073709551615,18446744073709551615,17563648,217399296,146800640,327680,0,0,1439463,1491964,1571638,0,73728,217538560,14409728,2940928,0
[2014-12-04T22:05:30.055799983Z] 17604608,191426560,142606336,32768,0,0,1446381,1504702,1582844,0,8192,191549440,14319616,3137536,0,18446744073709551615,18446744073709551615,17604608,191426560,142606336,32768,0,0,1446381,1504702,1582845,0,8192,191549440,14319616,3137536,0
[2014-12-04T22:05:31.055555443Z] 17838080,230678528,153092096,331776,0,0,1453639,1505386,1591385,0,73728,230817792,13717504,3907584,0,18446744073709551615,18446744073709551615,17838080,230678528,153092096,331776,0,0,1453639,1505386,1591385,0,73728,230817792,13717504,3907584,0
[2014-12-04T22:05:32.087980694Z] 18415616,251236352,155189248,364544,0,0,1458296,1505394,1596343,0,73728,251371520,14217216,3985408,0,18446744073709551615,18446744073709551615,18415616,251236352,155189248,364544,0,0,1458296,1505394,1596343,0,73728,251371520,14217216,3985408,0
[2014-12-04T22:05:33.101549637Z] 18432000,275091456,153092096,364544,0,0,1464636,1505906,1603629,0,73728,275230720,11718656,6500352,0,18446744073709551615,18446744073709551615,18432000,275091456,153092096,364544,0,0,1464636,1505906,1603629,0,73728,275230720,11718656,6500352,0
[2014-12-04T22:05:34.115604026Z] 18767872,290648064,155189248,397312,0,0,1468170,1506071,1607854,0,73728,290762752,11714560,6840320,0,18446744073709551615,18446744073709551615,18767872,290648064,155189248,397312,0,0,1468170,1506071,1607854,0,73728,290762752,11714560,6840320,0
[2014-12-04T22:05:35.134668902Z] 18829312,298094592,155189248,397312,0,0,1470008,1506076,1610268,0,73728,298225664,11763712,6852608,0,18446744073709551615,18446744073709551615,18829312,298094592,155189248,397312,0,0,1470008,1506076,1610268,0,73728,298225664,11763712,6852608,0
[2014-12-04T22:05:36.191811600Z] 19243008,323862528,163577856,397312,0,0,1474990,1506710,1615195,0,73728,323997696,12075008,6955008,0,18446744073709551615,18446744073709551615,19243008,323862528,163577856,397312,0,0,1474990,1506710,1615195,0,73728,323997696,12075008,6955008,0
[2014-12-04T22:05:37.200592753Z] 19681280,343957504,174063616,397312,0,0,1477741,1507514,1617939,0,73728,344068096,12414976,7053312,0,18446744073709551615,18446744073709551615,19681280,343957504,174063616,397312,0,0,1477741,1507514,1617939,0,73728,344068096,12414976,7053312,0
[2014-12-04T22:05:38.211689505Z] 20467712,373596160,192937984,397312,0,0,1481643,1509098,1621655,0,73728,373735424,13139968,7114752,0,18446744073709551615,18446744073709551615,20467712,373596160,192937984,397312,0,0,1481643,1509098,1621655,0,73728,373735424,13139968,7114752,0
[2014-12-04T22:05:39.248734965Z] 20574208,374632448,192937984,397312,0,0,1481928,1509104,1621915,0,73728,374743040,13217792,7143424,0,18446744073709551615,18446744073709551615,20574208,374632448,192937984,397312,0,0,1481928,1509104,1621915,0,73728,374743040,13217792,7143424,0
[2014-12-04T22:05:40.260838055Z] 15769600,200663040,144703488,32768,0,0,1491792,1550861,1630457,0,8192,200802304,12939264,2682880,0,18446744073709551615,18446744073709551615,15769600,200663040,144703488,32768,0,0,1491792,1550861,1630457,0,8192,200802304,12939264,2682880,0
[2014-12-04T22:05:41.640434159Z] 17629184,228950016,150994944,327680,36864,0,1497996,1551238,1637276,0,73728,229089280,14475264,2940928,0,18446744073709551615,18446744073709551615,17629184,228950016,150994944,327680,36864,0,1497996,1551238,1637276,0,73728,229089280,14475264,2940928,0
[2014-12-04T22:05:42.312543710Z] 17641472,195809280,144703488,32768,0,0,1502081,1563922,1644959,0,8192,195932160,14319616,3174400,0,18446744073709551615,18446744073709551615,17641472,195809280,144703488,32768,0,0,1502081,1563922,1644959,0,8192,195932160,14319616,3174400,0
[2014-12-04T22:05:43.302192346Z] 17772544,236396544,155189248,331776,0,0,1511326,1566292,1656200,0,73728,236535808,13651968,3907584,0,18446744073709551615,18446744073709551615,17772544,236396544,155189248,331776,0,0,1511326,1566292,1656200,0,73728,236535808,13651968,3907584,0
[2014-12-04T22:05:44.308123374Z] 18350080,259235840,157286400,364544,0,0,1516541,1566301,1661746,0,73728,259375104,14155776,3981312,0,18446744073709551615,18446744073709551615,18350080,259235840,157286400,364544,0,0,1516541,1566301,1661746,0,73728,259375104,14155776,3981312,0
[2014-12-04T22:05:45.342559474Z] 18366464,288362496,157286400,364544,0,0,1523658,1566814,1669741,0,73728,288497664,11657216,6496256,0,18446744073709551615,18446744073709551615,18366464,288362496,157286400,364544,0,0,1523658,1566814,1669741,0,73728,288497664,11657216,6496256,0
[2014-12-04T22:05:46.364189280Z] 18767872,301223936,159383552,397312,0,0,1526534,1566963,1673154,0,73728,301363200,11722752,6832128,0,18446744073709551615,18446744073709551615,18767872,301223936,159383552,397312,0,0,1526534,1566963,1673154,0,73728,301363200,11722752,6832128,0
[2014-12-04T22:05:47.385258052Z] 19042304,313196544,159383552,397312,0,0,1529537,1566976,1677503,0,73728,313303040,11939840,6889472,0,18446744073709551615,18446744073709551615,19042304,313196544,159383552,397312,0,0,1529537,1566976,1677503,0,73728,313303040,11939840,6889472,0
[2014-12-04T22:05:48.409861928Z] 19501056,358752256,186646528,397312,0,0,1534998,1568357,1684085,0,73728,358879232,12324864,6963200,0,18446744073709551615,18446744073709551615,19501056,358752256,186646528,397312,0,0,1534998,1568357,1684085,0,73728,358879232,12324864,6963200,0
[2014-12-04T22:05:49.463120495Z] 20381696,370552832,188743680,397312,0,0,1539505,1570279,1688515,0,73728,370683904,13139968,7028736,0,18446744073709551615,18446744073709551615,20381696,370552832,188743680,397312,0,0,1539505,1570279,1688515,0,73728,370683904,13139968,7028736,0
[2014-12-04T22:05:50.455133153Z] 20574208,372682752,188743680,397312,0,0,1540081,1570288,1689044,0,73728,372817920,13312000,7049216,0,18446744073709551615,18446744073709551615,20574208,372682752,188743680,397312,0,0,1540081,1570288,1689044,0,73728,372817920,13312000,7049216,0
[2014-12-04T22:05:51.596455329Z] 17772544,184889344,142606336,32768,0,0,1545589,1611086,1693295,0,8192,185028608,12775424,4796416,0,18446744073709551615,18446744073709551615,17772544,184889344,142606336,32768,0,0,1545589,1611086,1693295,0,8192,185028608,12775424,4796416,0
[2014-12-04T22:05:52.500812719Z] 16117760,212492288,144703488,294912,0,0,1555240,1614913,1703994,0,73728,212631552,13103104,2801664,0,18446744073709551615,18446744073709551615,16117760,212492288,144703488,294912,0,0,1555240,1614913,1703994,0,73728,212631552,13103104,2801664,0
[2014-12-04T22:05:53.528114331Z] 17596416,224923648,148897792,327680,0,0,1557912,1615211,1706249,0,73728,225062912,14442496,2940928,0,18446744073709551615,18446744073709551615,17596416,224923648,148897792,327680,0,0,1557912,1615211,1706249,0,73728,225062912,14442496,2940928,0
[2014-12-04T22:05:54.540276607Z] 17604608,210677760,148897792,233472,0,0,1567174,1630504,1720641,0,8192,210776064,14311424,3145728,0,18446744073709551615,18446744073709551615,17604608,210677760,148897792,233472,0,0,1567174,1630504,1720641,0,8192,210776064,14311424,3145728,0
[2014-12-04T22:05:55.678177014Z] 18481152,237875200,148897792,364544,0,0,1574451,1631949,1728360,0,73728,237977600,14290944,3977216,0,18446744073709551615,18446744073709551615,18481152,237875200,148897792,364544,0,0,1574451,1631949,1728360,0,73728,237977600,14290944,3977216,0
[2014-12-04T22:05:56.600145064Z] 18489344,245534720,148897792,364544,0,0,1576327,1631953,1730513,0,73728,245661696,14262272,4014080,0,18446744073709551615,18446744073709551615,18489344,245534720,148897792,364544,0,0,1576327,1631953,1730513,0,73728,245661696,14262272,4014080,0
[2014-12-04T22:05:57.625013780Z] 18497536,273190912,150994944,364544,0,0,1582571,1631954,1737659,0,73728,273321984,11776000,6508544,0,18446744073709551615,18446744073709551615,18497536,273190912,150994944,364544,0,0,1582571,1631954,1737659,0,73728,273321984,11776000,6508544,0
[2014-12-04T22:05:58.634027970Z] 18767872,291901440,153092096,397312,0,0,1587209,1632469,1743251,0,73728,292040704,11722752,6832128,0,18446744073709551615,18446744073709551615,18767872,291901440,153092096,397312,0,0,1587209,1632469,1743251,0,73728,292040704,11722752,6832128,0
[2014-12-04T22:05:59.666600319Z] 18833408,303161344,153092096,397312,0,0,1590292,1632787,1747146,0,73728,303251456,11771904,6848512,0,18446744073709551615,18446744073709551615,18833408,303161344,153092096,397312,0,0,1590292,1632787,1747146,0,73728,303251456,11771904,6848512,0
[2014-12-04T22:06:00.681521955Z] 19447808,330498048,163577856,397312,0,0,1594925,1633151,1751648,0,73728,330612736,12247040,6987776,0,18446744073709551615,18446744073709551615,19447808,330498048,163577856,397312,0,0,1594925,1633151,1751648,0,73728,330612736,12247040,6987776,0
[2014-12-04T22:06:01.719438038Z] 19968000,368324608,190840832,397312,0,0,1599146,1635164,1755883,0,73728,366333952,12673024,7081984,0,18446744073709551615,18446744073709551615,19968000,368324608,190840832,397312,0,0,1599146,1635164,1755883,0,73728,366333952,12673024,7081984,0
[2014-12-04T22:06:02.780129297Z] 20574208,368386048,188743680,397312,0,0,1602277,1638132,1758871,0,73728,368525312,13225984,7135232,0,18446744073709551615,18446744073709551615,20574208,368386048,188743680,397312,0,0,1602277,1638132,1758871,0,73728,368525312,13225984,7135232,0
[2014-12-04T22:06:03.822003336Z] 20582400,369291264,188743680,397312,0,0,1602505,1638137,1759098,0,73728,369430528,13221888,7147520,0,18446744073709551615,18446744073709551615,20582400,369291264,188743680,397312,0,0,1602505,1638137,1759098,0,73728,369430528,13221888,7147520,0
[2014-12-04T22:06:04.905995708Z] 15765504,185741312,142606336,32768,0,0,1609263,1679641,1763516,0,8192,185864192,12939264,2678784,0,18446744073709551615,18446744073709551615,15765504,185741312,142606336,32768,0,0,1609263,1679641,1763516,0,8192,185864192,12939264,2678784,0
[2014-12-04T22:06:06.285753848Z] 17362944,220594176,153092096,327680,0,0,1617625,1682170,1773656,0,73728,220733440,14249984,2899968,0,18446744073709551615,18446744073709551615,17362944,220594176,153092096,327680,0,0,1617625,1682170,1773656,0,73728,220733440,14249984,2899968,0
[2014-12-04T22:06:06.969033577Z] 17670144,230707200,155189248,294912,0,0,1619810,1682322,1776039,0,73728,230846464,14512128,2945024,0,18446744073709551615,18446744073709551615,17670144,230707200,155189248,294912,0,0,1619810,1682322,1776039,0,73728,230846464,14512128,2945024,0
[2014-12-04T22:06:07.958828286Z] 17670144,206622720,146800640,299008,12288,0,1628249,1697151,1789542,0,73728,206745600,14311424,3145728,0,18446744073709551615,18446744073709551615,17670144,206626816,146800640,299008,12288,0,1628249,1697151,1789542,0,73728,206745600,14311424,3145728,0
[2014-12-04T22:06:08.976145493Z] 18489344,237613056,150994944,364544,0,0,1635426,1697585,1797060,0,73728,237752320,14278656,3997696,0,18446744073709551615,18446744073709551615,18489344,237613056,150994944,364544,0,0,1635426,1697585,1797060,0,73728,237752320,14278656,3997696,0
[2014-12-04T22:06:09.980193822Z] 18489344,247357440,150994944,364544,0,0,1637912,1697692,1799826,0,73728,247496704,14262272,4014080,0,18446744073709551615,18446744073709551615,18489344,247357440,150994944,364544,0,0,1637912,1697692,1799826,0,73728,247496704,14262272,4014080,0
[2014-12-04T22:06:10.992968715Z] 18681856,279859200,153092096,397312,0,0,1645400,1697709,1808349,0,73728,279945216,11902976,6565888,0,18446744073709551615,18446744073709551615,18681856,279859200,153092096,397312,0,0,1645400,1697709,1808349,0,73728,279945216,11902976,6565888,0
[2014-12-04T22:06:12.020362703Z] 18767872,294047744,155189248,397312,0,0,1648539,1697874,1812212,0,73728,294187008,11714560,6840320,0,18446744073709551615,18446744073709551615,18767872,294047744,155189248,397312,0,0,1648539,1697874,1812212,0,73728,294187008,11714560,6840320,0
[2014-12-04T22:06:13.207603462Z] 19218432,316547072,159383552,397312,0,0,1653585,1698339,1817211,0,73728,314560512,12054528,6950912,0,18446744073709551615,18446744073709551615,19218432,316547072,159383552,397312,0,0,1653585,1698339,1817211,0,73728,314560512,12054528,6950912,0
[2014-12-04T22:06:14.079975784Z] 19791872,355143680,182452224,397312,0,0,1659741,1700553,1823244,0,73728,353185792,12578816,7000064,0,18446744073709551615,18446744073709551615,19791872,355143680,182452224,397312,0,0,1659741,1700553,1823244,0,73728,353185792,12578816,7000064,0
[2014-12-04T22:06:15.099220829Z] 20578304,365776896,190840832,397312,0,0,1661986,1702054,1825397,0,73728,365916160,13324288,7041024,0,18446744073709551615,18446744073709551615,20578304,365776896,190840832,397312,0,0,1661986,1702054,1825397,0,73728,365916160,13324288,7041024,0
[2014-12-04T22:06:16.115037007Z] 11948032,183734272,144703488,32768,0,0,1664424,1739801,1828045,0,8192,183873536,7962624,3801088,0,18446744073709551615,18446744073709551615,11948032,183734272,144703488,32768,0,0,1664424,1739801,1828045,0,8192,183873536,7962624,3801088,0
[2014-12-04T22:06:17.164083669Z] 15912960,209158144,150994944,32768,0,0,1673866,1744112,1836653,0,8192,209297408,13078528,2686976,0,18446744073709551615,18446744073709551615,15912960,209158144,150994944,32768,0,0,1673866,1744112,1836653,0,8192,209297408,13078528,2686976,0
[2014-12-04T22:06:18.476801891Z] 17563648,223772672,150994944,327680,0,0,1678142,1744417,1841003,0,73728,223911936,14409728,2940928,0,18446744073709551615,18446744073709551615,17563648,223772672,150994944,327680,0,0,1678142,1744417,1841003,0,73728,223911936,14409728,2940928,0
[2014-12-04T22:06:19.838838654Z] 17707008,183808000,144703488,98304,0,0,1679777,1755263,1843099,0,73728,183947264,14319616,3174400,0,18446744073709551615,18446744073709551615,17707008,183808000,144703488,98304,0,0,1679777,1755263,1843099,0,73728,183947264,14319616,3174400,0
[2014-12-04T22:06:20.408817104Z] 17903616,234360832,155189248,331776,0,0,1692162,1757813,1860649,0,73728,234471424,13774848,3915776,0,18446744073709551615,18446744073709551615,17903616,234360832,155189248,331776,0,0,1692162,1757813,1860649,0,73728,234471424,13774848,3915776,0
[2014-12-04T22:06:21.256069604Z] 18481152,248066048,155189248,364544,0,0,1695943,1758618,1864737,0,73728,248201216,14274560,3993600,0,18446744073709551615,18446744073709551615,18481152,248066048,155189248,364544,0,0,1695943,1758618,1864737,0,73728,248201216,14274560,3993600,0
[2014-12-04T22:06:22.267071523Z] 18481152,257208320,155189248,364544,0,0,1698176,1758619,1867023,0,73728,257327104,14274560,3993600,0,18446744073709551615,18446744073709551615,18481152,257208320,155189248,364544,0,0,1698176,1758619,1867023,0,73728,257327104,14274560,3993600,0
[2014-12-04T22:06:23.272828724Z] 18497536,275251200,155189248,364544,0,0,1702589,1758623,1872289,0,73728,275386368,11776000,6508544,0,18446744073709551615,18446744073709551615,18497536,275251200,155189248,364544,0,0,1702589,1758623,1872289,0,73728,275386368,11776000,6508544,0
[2014-12-04T22:06:24.341981870Z] 19378176,292052992,157286400,397312,0,0,1706423,1758651,1876507,0,73728,292192256,11853824,7311360,0,18446744073709551615,18446744073709551615,19378176,292052992,157286400,397312,0,0,1706423,1758651,1876507,0,73728,292192256,11853824,7311360,0
[2014-12-04T22:06:25.347448843Z] 19091456,302612480,157286400,397312,0,0,1709100,1758820,1880119,0,73728,302698496,11968512,6909952,0,18446744073709551615,18446744073709551615,19091456,302612480,157286400,397312,0,0,1709100,1758820,1880119,0,73728,302698496,11968512,6909952,0
[2014-12-04T22:06:26.373174158Z] 19451904,323301376,159383552,397312,0,0,1714518,1760121,1885475,0,73728,323440640,12210176,7028736,0,18446744073709551615,18446744073709551615,19451904,323301376,159383552,397312,0,0,1714518,1760121,1885475,0,73728,323440640,12210176,7028736,0
[2014-12-04T22:06:27.395243996Z] 20271104,377856000,197132288,397312,0,0,1721013,1762806,1891904,0,73728,377995264,12951552,7106560,0,18446744073709551615,18446744073709551615,20271104,377856000,197132288,397312,0,0,1721013,1762806,1891904,0,73728,377995264,12951552,7106560,0
[2014-12-04T22:06:28.421163205Z] 20570112,376508416,192937984,397312,0,0,1722183,1763210,1893001,0,73728,376647680,13221888,7135232,0,18446744073709551615,18446744073709551615,20570112,376508416,192937984,397312,0,0,1722183,1763210,1893001,0,73728,376647680,13221888,7135232,0
[2014-12-04T22:06:29.798467312Z] 20574208,377544704,192937984,397312,0,0,1722438,1763211,1893258,0,73728,377683968,13213696,7147520,0,18446744073709551615,18446744073709551615,20574208,377544704,192937984,397312,0,0,1722438,1763211,1893258,0,73728,377683968,13213696,7147520,0
[2014-12-04T22:06:30.508643002Z] 15769600,209707008,150994944,32768,0,0,1731266,1804479,1900624,0,8192,209833984,12939264,2682880,0,18446744073709551615,18446744073709551615,15769600,209707008,150994944,32768,0,0,1731266,1804479,1900624,0,8192,209833984,12939264,2682880,0
[2014-12-04T22:06:31.606466680Z] 16117760,222937088,153092096,294912,0,0,1735835,1806244,1906481,0,73728,223076352,13103104,2801664,0,18446744073709551615,18446744073709551615,16117760,222937088,153092096,294912,0,0,1735835,1806244,1906481,0,73728,223076352,13103104,2801664,0
[2014-12-04T22:06:32.630542230Z] 17530880,231137280,153092096,327680,0,0,1738462,1806524,1908724,0,73728,231276544,14376960,2940928,0,18446744073709551615,18446744073709551615,17530880,231137280,153092096,327680,0,0,1738462,1806524,1908724,0,73728,231276544,14376960,2940928,0
[2014-12-04T22:06:33.651837017Z] 17600512,235454464,153092096,294912,0,0,1739642,1806633,1910182,0,73728,235593728,14438400,2912256,0,18446744073709551615,18446744073709551615,17600512,235454464,153092096,294912,0,0,1739642,1806633,1910182,0,73728,235593728,14438400,2912256,0
[2014-12-04T22:06:34.686429219Z] 18264064,233349120,155189248,331776,0,0,1751002,1819878,1926798,0,73728,233435136,13651968,4399104,0,18446744073709551615,18446744073709551615,18264064,233349120,155189248,331776,0,0,1751002,1819878,1926798,0,73728,233435136,13651968,4399104,0
[2014-12-04T22:06:35.707245668Z] 18841600,250380288,155189248,364544,0,0,1755605,1820182,1931574,0,73728,250511360,14155776,4472832,0,18446744073709551615,18446744073709551615,18841600,250380288,155189248,364544,0,0,1755605,1820182,1931574,0,73728,250511360,14155776,4472832,0
[2014-12-04T22:06:36.747154362Z] 18849792,275591168,155189248,364544,0,0,1761763,1820183,1938282,0,73728,275689472,12148736,6488064,0,18446744073709551615,18446744073709551615,18849792,275591168,155189248,364544,0,0,1761763,1820183,1938282,0,73728,275689472,12148736,6488064,0
[2014-12-04T22:06:37.771765359Z] 19173376,294387712,157286400,397312,0,0,1765946,1820209,1943139,0,73728,294522880,11911168,7049216,0,18446744073709551615,18446744073709551615,19173376,294387712,157286400,397312,0,0,1765946,1820209,1943139,0,73728,294522880,11911168,7049216,0
[2014-12-04T22:06:38.796331317Z] 19226624,299753472,157286400,397312,0,0,1767302,1820242,1946101,0,73728,299892736,11714560,7299072,0,18446744073709551615,18446744073709551615,19226624,299753472,157286400,397312,0,0,1767302,1820242,1946101,0,73728,299892736,11714560,7299072,0
[2014-12-04T22:06:39.844375741Z] 19636224,310775808,157286400,397312,0,0,1770110,1820259,1948977,0,73728,310915072,11898880,7524352,0,18446744073709551615,18446744073709551615,19636224,310775808,157286400,397312,0,0,1770110,1820259,1948977,0,73728,310915072,11898880,7524352,0
[2014-12-04T22:06:40.876775464Z] 20107264,338882560,169869312,397312,0,0,1775465,1822214,1954983,0,73728,339021824,12324864,7569408,0,18446744073709551615,18446744073709551615,20107264,338882560,169869312,397312,0,0,1775465,1822214,1954983,0,73728,339021824,12324864,7569408,0
[2014-12-04T22:06:41.916209070Z] 20402176,359829504,184549376,397312,0,0,1779178,1824318,1958311,0,73728,359964672,12582912,7606272,0,18446744073709551615,18446744073709551615,20402176,359829504,184549376,397312,0,0,1779178,1824318,1958311,0,73728,359964672,12582912,7606272,0
[2014-12-04T22:06:42.942043891Z] 20852736,373870592,190840832,397312,0,0,1782225,1825360,1961129,0,73728,373952512,12996608,7643136,0,18446744073709551615,18446744073709551615,20852736,373870592,190840832,397312,0,0,1782225,1825360,1961129,0,73728,373952512,12996608,7643136,0
[2014-12-04T22:06:43.952347204Z] 4988928,179548160,142606336,32768,0,0,1783896,1867615,1964686,0,8192,179687424,4677632,163840,0,18446744073709551615,18446744073709551615,4988928,179548160,142606336,32768,0,0,1783896,1867615,1964686,0,8192,179687424,4677632,163840,0
[2014-12-04T22:06:44.966106532Z] 4988928,179548160,142606336,32768,0,0,1783896,1867615,1964686,0,8192,179687424,4677632,163840,0,18446744073709551615,18446744073709551615,4988928,179548160,142606336,32768,0,0,1783896,1867615,1964686,0,8192,179687424,4677632,163840,0
[2014-12-04T22:06:45.977690509Z] 4988928,179548160,142606336,32768,0,0,1783896,1867615,1964686,0,8192,179687424,4677632,163840,0,18446744073709551615,18446744073709551615,4988928,179548160,142606336,32768,0,0,1783896,1867615,1964686,0,8192,179687424,4677632,163840,0
[2014-12-04T22:06:46.988516998Z] 4988928,179548160,142606336,32768,0,0,1783896,1867615,1964686,0,8192,179687424,4677632,163840,0,18446744073709551615,18446744073709551615,4988928,179548160,142606336,32768,0,0,1783896,1867615,1964686,0,8192,179687424,4677632,163840,0
[2014-12-04T22:06:47.996233748Z] 4988928,179548160,142606336,32768,0,0,1783896,1867615,1964686,0,8192,179687424,4677632,163840,0,18446744073709551615,18446744073709551615,4988928,179548160,142606336,32768,0,0,1783896,1867615,1964686,0,8192,179687424,4677632,163840,0
[2014-12-04T22:06:49.048452245Z] 4988928,179548160,142606336,32768,0,0,1783896,1867615,1964687,0,8192,179687424,4677632,163840,0,18446744073709551615,18446744073709551615,4988928,179548160,142606336,32768,0,0,1783896,1867615,1964687,0,8192,179687424,4677632,163840,0
[2014-12-04T22:06:50.046850489Z] 4988928,179548160,142606336,32768,0,0,1783896,1867615,1964687,0,8192,179687424,4677632,163840,0,18446744073709551615,18446744073709551615,4988928,179548160,142606336,32768,0,0,1783896,1867615,1964687,0,8192,179687424,4677632,163840,0
